Product Name,Over_All_Rating,Price,Date,Rating,Name,Comment
Buy HIGHLANDER Men Olive Green & Black Slim Fit Checked Casual Shirt  - Shirts for Men 11780934 | Myntra,4.3,‚Çπ532,12 Mar 2025,5,Y P,"*Shirt Cloth Review: A Comfortable and Stylish Choice*

I recently purchased a shirt made from a high-quality cloth, and I must say, I'm thoroughly impressed. The fabric is incredibly soft and breathable, making it perfect for everyday wear.

*Pros:*

1. *Comfortable*: The cloth is gentle against my skin, and I don't feel any irritation or discomfort, even after wearing it for extended periods.
2. *Stylish*: The fabric has a smooth, lustrous finish that gives my shirt a sleek, modern look.
3. *Durable*: Despite being made from a lightweight material, the cloth is surprisingly resilient and can withstand repeated washing and wear without losing its shape or softness.

*Recommendation:* If you're looking for a high-quality shirt cloth, I would recommend checking out this fabric. It's available in a range of colors and patterns, and it's suitable for men's "
Buy HIGHLANDER Men Olive Green & Black Slim Fit Checked Casual Shirt  - Shirts for Men 11780934 | Myntra,4.3,‚Çπ532,1 Oct 2024,5,Debmalya Biswas,"I recently purchased this shirt, and I am beyond impressed! The fabric is incredibly soft and breathable, making it perfect for both casual wear and dressing up. It fits true to size, with a flattering cut that complements my figure without being too tight. I love the attention to detail in the stitching and buttons ‚Äì it feels high-quality and durable. Plus, it holds up well after washing, maintaining its shape and color. Overall, this has become one of my favorite go-to shirts, and I highly recommend it to anyone looking for comfort and style."
Buy HIGHLANDER Men Olive Green & Black Slim Fit Checked Casual Shirt  - Shirts for Men 11780934 | Myntra,4.3,‚Çπ532,26 Oct 2024,5,Vaishnav,"I recently purchased this shirt, and I‚Äôm quite impressed with the overall quality. The fabric feels soft and breathable, making it comfortable to wear even for long hours. The stitching is neat, and the fit is just as expected based on the size chart.

However, I noticed a couple of things that could be improved. After a couple of washes, the color faded slightly, though not significantly. Additionally, the buttons could be stitched on more securely, as one became a bit loose after some use.

Overall, it's a stylish and comfortable shirt, great for both casual and formal occasions. With a little improvement in durability, it would be perfect!"
Buy HIGHLANDER Men Olive Green & Black Slim Fit Checked Casual Shirt  - Shirts for Men 11780934 | Myntra,4.3,‚Çπ532,2 Oct 2024,4,Anik Sarkar,"The HIGHLANDER Olive Green & Black Checked Casual Shirt combines style with comfort, featuring a trendy slim fit and classic check pattern. The color combination gives it a modern, versatile look, suitable for both casual and semi-formal settings. Made from soft, breathable fabric, it's comfortable for daily wear. The fit is flattering without being too tight, making it ideal for lean or athletic body types.

Pros:

Stylish check pattern
Comfortable, breathable fabric
Versatile for casual or semi-formal wear
Cons:

May not suit broader body types
Overall, a great choice for trendy, casual fashion."
Buy HIGHLANDER Men Olive Green & Black Slim Fit Checked Casual Shirt  - Shirts for Men 11780934 | Myntra,4.3,‚Çπ532,7 Nov 2025,5,Psycho Lover,"Highlander never disappoints when it comes to casual style! This shirt has a great blend of comfort and class. The cotton fabric feels smooth on the skin and allows easy movement, even on long days. The pattern and color combination look trendy without being loud. I‚Äôve worn it multiple times, and it still looks fresh ‚Äî no color fade or loose threads so far. It‚Äôs easy to style too ‚Äî looks great with jeans for a laid-back look or chinos for a smarter outfit.
If you‚Äôre looking for a shirt that‚Äôs stylish, comfortable, and affordable, Roadster is a solid choice. "
Buy HIGHLANDER Men Olive Green & Black Slim Fit Checked Casual Shirt  - Shirts for Men 11780934 | Myntra,4.3,‚Çπ532,12 Oct 2025,5,Sparsh Singh,"Absolutely loved this olive green and black checked shirt! The colour combination is bold yet classy, giving a perfect mix of casual and stylish vibes. The fabric feels super soft and comfortable on the skin, and the fit is just right ‚Äî not too tight, not too loose.

Wore it to a casual outing and got a lot of compliments for the look. It‚Äôs versatile enough to pair with jeans or chinos, and it instantly adds a cool, confident edge to your outfit.

If you‚Äôre looking for a shirt that‚Äôs both trendy and comfortable, this one‚Äôs a total winner! üíØ‚ú®"
Buy HIGHLANDER Men Olive Green & Black Slim Fit Checked Casual Shirt  - Shirts for Men 11780934 | Myntra,4.3,‚Çπ532,4 June 2025,5,Harsha Meruva,"I recently wore this shirt to an outdoor event, and I couldn‚Äôt be happier with it! The fabric felt comfortable all day, and the subtle checkered pattern added a nice touch of style without being too bold. It paired perfectly with a black t-shirt and joggers, making it ideal for a smart casual look. I also loved how lightweight and breathable it was ‚Äî great for sunny weather. I‚Äôve already received a few compliments on it, and I‚Äôll definitely be keeping an eye out for more from this collection!‚Äù"
Buy HIGHLANDER Men Olive Green & Black Slim Fit Checked Casual Shirt  - Shirts for Men 11780934 | Myntra,4.3,‚Çπ532,28 May 2024,4,Narendra Pednekar,"I recently purchased a checked shirt from Myntra, and I'm quite pleased with my choice. The fabric quality is excellent‚Äîsoft yet durable, making it comfortable for all-day wear. The fit is true to size, and the colors are vibrant and exactly as shown in the pictures. It‚Äôs versatile enough to dress up or down for various occasions. My only minor gripe is that it could use a little more length. Overall, a great addition to my wardrobe!"
Buy HIGHLANDER Men Olive Green & Black Slim Fit Checked Casual Shirt  - Shirts for Men 11780934 | Myntra,4.3,‚Çπ532,5 Dec 2025,5,Anup," am absolutely thrilled with this cotton shirt. Right out of the package, the fabric felt incredibly soft, not stiff like some other brands. The fit is true to size‚Äîit‚Äôs relaxed without being baggy, and the sleeves hit at just the right point on my bicep. I appreciate that it didn't shrink noticeably after the first wash (cold water, low dry). It's breathable enough for a warm day but substantial enough not to feel flimsy. A must-have basic for any wardrobe."
Buy HIGHLANDER Men Olive Green & Black Slim Fit Checked Casual Shirt  - Shirts for Men 11780934 | Myntra,4.3,‚Çπ532,26 Aug 2024,5,Md Nawaz,"Rating: ‚≠ê‚≠ê‚≠ê‚≠ê‚≠ê (5/5)I had a great shopping experience with Myntra! The website/app is user-friendly, and the product selection is vast. I ordered [product name], and it arrived quickly and in perfect condition. The quality of the product is exactly as described, and it fits perfectly. The customer service is also excellent‚Äîquick responses and very helpful. I will definitely shop from Myntra again. Highly recommend!"
Buy HIGHLANDER Men Olive Green & Black Slim Fit Checked Casual Shirt  - Shirts for Men 11780934 | Myntra,4.3,‚Çπ532,22 Sept 2025,5,Shekhar Nayak,"I recently purchased this shirt and I am genuinely impressed with the quality. The fabric feels soft yet durable and it‚Äôs incredibly comfortable to wear throughout the day. The stitching is neat and strong, showing great attention to detail.

What I love most is the fit, it‚Äôs true to size and flattering without being too tight or too loose. It works well for both casual outings and slightly more formal settings, which makes it super versatile."
Buy HIGHLANDER Men Olive Green & Black Slim Fit Checked Casual Shirt  - Shirts for Men 11780934 | Myntra,4.3,‚Çπ532,20 Sept 2025,4,Vipul Rajak,"This is my new favorite shirt! The fabric is incredibly soft and comfortable, and it has just the right amount of stretch. It fits perfectly‚Äînot too tight, but still has a nice, flattering shape. I've washed it several times, and it hasn't shrunk or faded at all. The color is rich and vibrant, and it looks just as good as the day I bought it. It's a great everyday shirt that I can dress up or down. Highly recommend!"
Buy HIGHLANDER Men Olive Green & Black Slim Fit Checked Casual Shirt  - Shirts for Men 11780934 | Myntra,4.3,‚Çπ532,7 Apr 2025,5,Sonu,"I recently purchased this shirt and couldn‚Äôt be happier with my choice. The fabric is incredibly soft yet durable, giving it a premium feel without being too heavy. The fit is spot-on ‚Äî tailored enough to look sharp but comfortable enough for all-day wear. 
Whether you‚Äôre dressing it up for a meeting or going casual for a weekend outing, this shirt delivers on both style and comfort. Definitely worth every penny ‚Äî "
Buy HIGHLANDER Men Olive Green & Black Slim Fit Checked Casual Shirt  - Shirts for Men 11780934 | Myntra,4.3,‚Çπ532,10 Sept 2024,4,Akash,"I recently purchased a shirt from Myntra, and I must say I'm impressed with the fit. The shirt hugs the body in all the right places without being too tight, making it both comfortable and flattering. The material feels high-quality, and the stitching is solid. Overall, it's a great purchase, and I'll definitely be looking at more options from Myntra in the future!"
Buy HIGHLANDER Men Olive Green & Black Slim Fit Checked Casual Shirt  - Shirts for Men 11780934 | Myntra,4.3,‚Çπ532,21 Aug 2024,4,Myntra Customer,"I recently got this green casual shirt, and I must say I'm loving it! The color is vibrant and really stands out. The material is soft and comfortable, perfect for a relaxed day out. The fit is just right, not too tight or too loose. I especially like the subtle check pattern that adds a stylish touch to the shirt. Overall, it's a great addition to my wardrobe!"
Buy HIGHLANDER Men Olive Green & Black Slim Fit Checked Casual Shirt  - Shirts for Men 11780934 | Myntra,4.3,‚Çπ532,1 Nov 2023,4,Kavita Yadav,"The colour is really good but in light it seems to be little blur, colour is good one thing that I have but problem with the shirt is a material that it was really think I don't know how is it going to be to wear but material is really think and I really don't expect this.
But it's okay overall it's a good shirt üëï at this rate"
Buy HIGHLANDER Men Olive Green & Black Slim Fit Checked Casual Shirt  - Shirts for Men 11780934 | Myntra,4.3,‚Çπ532,21 Dec 2021,5,Harsha Lucky,"The shirt was Very good and quality of clothe is Great at the given Price from the Roadster

But roadster has to work upon the width of the shirt at

bottom it was little wider than it should be

Otherwise shirt is Overall Good

But Design team of Myntra should design the shirts of size Slim fit at Bottom.

Thanks Myntraa"
Buy HIGHLANDER Men Olive Green & Black Slim Fit Checked Casual Shirt  - Shirts for Men 11780934 | Myntra,4.3,‚Çπ532,13 Dec 2020,5,Shubham,"It‚Äôs a beautiful casual shirt.
The cloth, being cotton, is very comfortable.
Length is as expected. 
The colour is very nice and will go with lighter shades of trousers. Overall it‚Äôs a fantastic deal."
Buy HIGHLANDER Men Olive Green & Black Slim Fit Checked Casual Shirt  - Shirts for Men 11780934 | Myntra,4.3,‚Çπ532,30 Oct 2024,4,Dd,"(I ordered green one)Mid quality fabric they used, it not 100% pure cotton, it mixed with polyester too, even thickness of the material also midium quality but  after wearing this it's looks like a branded cloth.. even comfortable  and colour also as shown in the picture was too good overall under 400‚Çπ it worth üëçüëç "
Buy HIGHLANDER Men Olive Green & Black Slim Fit Checked Casual Shirt  - Shirts for Men 11780934 | Myntra,4.3,‚Çπ532,4 Aug 2024,5,Shivam Kohli,"I recently purchased a shirt from Myntra. The shirt is crafted from high-quality fabric that feels incredibly comfortable against the skin. The color and pattern are exactly as shown in the online pictures, and the attention to detail in the stitching is impressive. Myntra‚Äôs delivery was prompt, and the shirt arrived in pristine condition."
Buy HIGHLANDER Men Olive Green & Black Slim Fit Checked Casual Shirt  - Shirts for Men 11780934 | Myntra,4.3,‚Çπ532,21 July 2025,5,Shariq Mohamed,"It‚Äôs the third one in the image. I‚Äôd ordered 4 shirts in one go, and the whole lot cost inside INR 1400, which was a definite steal. Great fit, excellent cotton material, and superb breathability. The color was exactly as specified on the product page. Packaging was just as id come to expect from Myntra, easily opened and disposed of."
Buy HIGHLANDER Men Olive Green & Black Slim Fit Checked Casual Shirt  - Shirts for Men 11780934 | Myntra,4.3,‚Çπ532,16 Oct 2025,4,Divya,"Material is bit hard. Look wise its great. 
"
Buy HIGHLANDER Men Olive Green & Black Slim Fit Checked Casual Shirt  - Shirts for Men 11780934 | Myntra,4.3,‚Çπ532,22 Nov 2025,1,Rishi Rk,"If you‚Äôre looking for a shirt that‚Äôs stylish, comfortable, and easy to style for any occasion ‚Äî this green checked shirt is a great pick. The fabric feels soft and breathable, making it perfect for everyday wear, whether you‚Äôre outdoors or at work."
Buy HIGHLANDER Men Olive Green & Black Slim Fit Checked Casual Shirt  - Shirts for Men 11780934 | Myntra,4.3,‚Çπ532,13 Mar 2024,5,Akash Chougule,"I recently purchased this shirt and I'm thrilled with it! The fitting is perfect, and the cotton fabric feels incredibly comfortable against the skin. The quality is top-notch, and it's exactly what I was hoping for. I highly recommend it to anyone in search of a well-fitting shirt with excellent fabric quality."
Buy HIGHLANDER Men Olive Green & Black Slim Fit Checked Casual Shirt  - Shirts for Men 11780934 | Myntra,4.3,‚Çπ532,13 June 2025,5,Suni Joseph,"The olive and black give it a fresh, modern look, and the slim fit is flattering‚Äîneither tight nor boxy. Crafted from soft, breathable cotton, it‚Äôs super comfortable for all-day wear. Pair it with jeans or chinos for effortlessly smart-casual style. A dependable choice for any casual lineup!Nice








"
Buy HIGHLANDER Men Olive Green & Black Slim Fit Checked Casual Shirt  - Shirts for Men 11780934 | Myntra,4.3,‚Çπ532,9 Dec 2024,4,Sachin Chauhan,"The shirt is good, quality is also fine.

But it looks like the patterns are printed on the outer side, and inside the shirt has a plane green color unlike shown in the pictures, where the model folds his sleeves and the checked patterns are visible on the inside of the cloth."
Buy HIGHLANDER Men Olive Green & Black Slim Fit Checked Casual Shirt  - Shirts for Men 11780934 | Myntra,4.3,‚Çπ532,13 Aug 2024,5,Yash Moyal,"It was amazing üòç 
Nice quality and value of money üí∞ 
Colour and fitting was awesome üëç"
Buy HIGHLANDER Men Olive Green & Black Slim Fit Checked Casual Shirt  - Shirts for Men 11780934 | Myntra,4.3,‚Çπ532,14 Dec 2025,5,Lokanath Sahoo,"I'm very satisfied with this HIGHLANDER shirt. The Olive Green & Black check looks exactly as pictured, and the Slim Fit (Size 40) is modern and comfortable. It's a versatile casual shirt that pairs well with everything. The fabric quality is good for the price. Definitely recommend this one!"
Buy HIGHLANDER Men Olive Green & Black Slim Fit Checked Casual Shirt  - Shirts for Men 11780934 | Myntra,4.3,‚Çπ532,3 Apr 2021,5,Anish Kumar,Very promise product.. Nice fitting  having goog quality. And most important point is the  delivery  product is as similar as shown in photo.. 
Buy HIGHLANDER Men Olive Green & Black Slim Fit Checked Casual Shirt  - Shirts for Men 11780934 | Myntra,4.3,‚Çπ532,9 Feb 2025,4,Anindya Anupam,"**Rating: ‚òÖ‚òÖ‚òÖ‚òÖ‚òÜ (4/5)**  

The fit of this shirt is really good‚Äîslim and stylish! It looks great and sits well. But the fabric could have been better, feels a bit average. Still, a solid pick if you‚Äôre looking for a well-fitted casual shirt!"
Buy HIGHLANDER Men Olive Green & Black Slim Fit Checked Casual Shirt  - Shirts for Men 11780934 | Myntra,4.3,‚Çπ532,16 Aug 2024,5,Myntra Customer,"Shirt fit  very perfect  as per the size ordered, fabric is also so good , comfortable to wear ,Worth for the priceüíØ"
Buy HIGHLANDER Men Olive Green & Black Slim Fit Checked Casual Shirt  - Shirts for Men 11780934 | Myntra,4.3,‚Çπ532,1 Sept 2024,5,Nilesh,"I recently purchased a Highlander shirt from Myntra, and I couldn't be more pleased. The fabric is soft and comfortable, making it perfect for everyday wear. The fit is just right and true to size, and the quality is top-notch. Overall, a great buy!"""
Buy HIGHLANDER Men Olive Green & Black Slim Fit Checked Casual Shirt  - Shirts for Men 11780934 | Myntra,4.3,‚Çπ532,26 Apr 2024,5,Sunil Kumar,"Wow‚Ä¶.üòÆ- > Excellent product I‚Äôm impressed ‚ù£Ô∏èü´°
Good quality üëåüèª"
Buy HIGHLANDER Men Olive Green & Black Slim Fit Checked Casual Shirt  - Shirts for Men 11780934 | Myntra,4.3,‚Çπ532,11 July 2024,3,Venkatesh Kumar,"The checks print in this shirt is super fine with BG olive shade but the cloth quality is little poor. It's a real slim fit shirt, I felt tight at my waist. It has again became true that always you will get quality products for high price."
Buy HIGHLANDER Men Olive Green & Black Slim Fit Checked Casual Shirt  - Shirts for Men 11780934 | Myntra,4.3,‚Çπ532,3 Sept 2024,4,Shahadat Hussain,Good one 
Buy HIGHLANDER Men Olive Green & Black Slim Fit Checked Casual Shirt  - Shirts for Men 11780934 | Myntra,4.3,‚Çπ532,18 Sept 2025,4,Ayushi,"
The shirt is of good quality with soft fabric and a comfortable fit. The stitching is neat, and it looks stylish for both casual and formal wear. After washing, the color and shape remain intact. Overall, a good purchase."
Buy HIGHLANDER Men Olive Green & Black Slim Fit Checked Casual Shirt  - Shirts for Men 11780934 | Myntra,4.3,‚Çπ532,15 Dec 2022,4,Aakash Tank,"Shirt fabric is very good and stitching is perfect to level up the fitting experience.
But the length of Shirt is overall not much so if you're somewhat slim and highty in appearance that should be short in my pov. 


"
Buy HIGHLANDER Men Olive Green & Black Slim Fit Checked Casual Shirt  - Shirts for Men 11780934 | Myntra,4.3,‚Çπ532,28 Nov 2020,5,Pranay,Quality Is Awesome. But I Want 1 Size Big.
Buy HIGHLANDER Men Olive Green & Black Slim Fit Checked Casual Shirt  - Shirts for Men 11780934 | Myntra,4.3,‚Çπ532,11 Nov 2024,5,Polleni Sriman Rao,"I like so much Myntra it‚Äô is a good product and quality is good price also normal for the customer it is a good app we will appreciate the Myntra for normal people getting the shopping in less price thanks once again 











"
Buy HIGHLANDER Men Olive Green & Black Slim Fit Checked Casual Shirt  - Shirts for Men 11780934 | Myntra,4.3,‚Çπ532,18 May 2024,5,Raghav Sharma,The product was good. Fit is not perfect to me. Material quality is average. Colour was amazing. Comfort was excellent. You can wear with white/black bottom. You can also layer with black/white. Anyway the product was 100% recommend. 
Buy HIGHLANDER Men Olive Green & Black Slim Fit Checked Casual Shirt  - Shirts for Men 11780934 | Myntra,4.3,‚Çπ532,28 Oct 2024,5,Dipesh,"This Shirt is a perfect fit! The material feels comfortable, and the color is exactly as shown. It looks stylish and pairs well with both casual and semi-formal outfits. Great quality for the price‚Äîdefinitely a recommended buy!"
Buy HIGHLANDER Men Olive Green & Black Slim Fit Checked Casual Shirt  - Shirts for Men 11780934 | Myntra,4.3,‚Çπ532,29 Oct 2025,3,Dimple,"I bought this shirt online and overall they‚Äôre comfortable and fit well. The material feels nice and they‚Äôre great for daily wear. However, the color starts to fade after some time and a few washes. Good for the price, but the color quality could be better.

"
Buy HIGHLANDER Men Olive Green & Black Slim Fit Checked Casual Shirt  - Shirts for Men 11780934 | Myntra,4.3,‚Çπ532,15 Nov 2023,5,Sameer Kumar,"1. The shirt has a lovely color, and it's very comfortable.
2. The fabric is of high quality, making it enjoyable to wear.
3. The shirt gives off a subtle shine, enhancing its overall appeal.
4. I am genuinely happy and satisfied with my purchase."
Buy HIGHLANDER Men Olive Green & Black Slim Fit Checked Casual Shirt  - Shirts for Men 11780934 | Myntra,4.3,‚Çπ532,8 May 2024,1,Abhinav Singh,The word perfect would not be even perfect for this product. Best Quality Shirt and it's now one of the favourite shirts that I have. In budget and with the best comfort. Truly Amazing experience from Highlander and Myntra too.
Buy HIGHLANDER Men Olive Green & Black Slim Fit Checked Casual Shirt  - Shirts for Men 11780934 | Myntra,4.3,‚Çπ532,25 Oct 2025,5,Aryaa,"I recently ordered a shirt from Myntra and I‚Äôm really happy with my purchase! The product quality is excellent, Delivery was on time too. Totally worth the price ‚Äî thank you Myntra for a smooth shopping experience! üí´"
Buy HIGHLANDER Men Olive Green & Black Slim Fit Checked Casual Shirt  - Shirts for Men 11780934 | Myntra,4.3,‚Çπ532,22 Aug 2024,5,Kalyan,Superb product. The Shirt quality is good and the colour is also good. It suits all kinds of skin tone people. Excellent fit but if you are more than 44 then go for L size.less than 42 then go for M size. Comfort is good.
Buy HIGHLANDER Men Olive Green & Black Slim Fit Checked Casual Shirt  - Shirts for Men 11780934 | Myntra,4.3,‚Çπ532,19 Nov 2025,5,V Kedari,The fabric was too comfortable and the fit was exactly perfect to the body . I washed for many times but I doesn't changes its colour it remains as it is at the first . Thank youuu myntra for such a wonderful product 
Buy HIGHLANDER Men Olive Green & Black Slim Fit Checked Casual Shirt  - Shirts for Men 11780934 | Myntra,4.3,‚Çπ532,25 June 2020,5,Ram,It's very comfortable and classic shirt as expected. Fitting so much and quality is very good. 
Buy HIGHLANDER Men Olive Green & Black Slim Fit Checked Casual Shirt  - Shirts for Men 11780934 | Myntra,4.3,‚Çπ532,13 Sept 2024,5,Anuj,Definitely recommend purchasing from this company. Their product is excellent quality and easy to use. I gave my review to thank me. I can send anyone a picture if they want to see it from a customer who purchased.
Buy HIGHLANDER Men Olive Green & Black Slim Fit Checked Casual Shirt  - Shirts for Men 11780934 | Myntra,4.3,‚Çπ532,5 Dec 2020,4,Rohit,"The shirt is looking good as expected ,but little bit quality is not fully satisfied as I expected "
Buy HIGHLANDER Men Olive Green & Black Slim Fit Checked Casual Shirt  - Shirts for Men 11780934 | Myntra,4.3,‚Çπ532,7 Oct 2025,4,Mohit,"It looks good.
but the quality is not that much good."
Buy HIGHLANDER Men Olive Green & Black Slim Fit Checked Casual Shirt  - Shirts for Men 11780934 | Myntra,4.3,‚Çπ532,22 Oct 2023,5,Raji,"Perfect fit and I gifted my bestie he likes a lot
"
Buy HIGHLANDER Men Olive Green & Black Slim Fit Checked Casual Shirt  - Shirts for Men 11780934 | Myntra,4.3,‚Çπ532,13 Dec 2025,5,Yash Sharma,"Quality and fabric of cloth is absolutely amazing 
I bought this for my father and after wearing it he look so handsome i can‚Äôt even describe it 
Fit,quality,material,colour and comfort are fantastic.
"
Buy HIGHLANDER Men Olive Green & Black Slim Fit Checked Casual Shirt  - Shirts for Men 11780934 | Myntra,4.3,‚Çπ532,18 Aug 2024,3,Sekhar," I bought this shirt two months ago. I have a dusky skin tone, and it gave me a premium look when I wore it. The photos came out really nice too. Made with solid fabric, the quality is just right for the price. I would rate it 7 out of 10."
Buy HIGHLANDER Men Olive Green & Black Slim Fit Checked Casual Shirt  - Shirts for Men 11780934 | Myntra,4.3,‚Çπ532,17 Oct 2023,4,Myntra Customer,"Shirt is same as shown on Myntra, price is also good, after one wash I will review again about colour and shirt quality is that same or not after use and wash .

"
Buy HIGHLANDER Men Olive Green & Black Slim Fit Checked Casual Shirt  - Shirts for Men 11780934 | Myntra,4.3,‚Çπ532,7 July 2024,5,Vikas Singh,"The quality of the shirt is very good. It does not lose its colour even after a lot of use and is very comfortable to wear. The shirt arrived at home on time and the packaging was also very good.
üòäüòä"
Buy HIGHLANDER Men Olive Green & Black Slim Fit Checked Casual Shirt  - Shirts for Men 11780934 | Myntra,4.3,‚Çπ532,29 July 2023,5,Raj Vyavahare,"Fitting is good, cloth guality is good cotton plus polyster , colour is as shown in image, this price range good guality."
Buy HIGHLANDER Men Olive Green & Black Slim Fit Checked Casual Shirt  - Shirts for Men 11780934 | Myntra,4.3,‚Çπ532,10 Dec 2020,5,Best,Nice buy loved the product??
Buy HIGHLANDER Men Olive Green & Black Slim Fit Checked Casual Shirt  - Shirts for Men 11780934 | Myntra,4.3,‚Çπ532,28 Dec 2020,5,Subimal,Good purchase of mine
Buy HIGHLANDER Men Olive Green & Black Slim Fit Checked Casual Shirt  - Shirts for Men 11780934 | Myntra,4.3,‚Çπ532,17 Nov 2025,5,Krishna Sharma,The shirt was great. The quality was great. I have been wearing it for 1 year now and it's still intact no faded colour nothing. The fabric is super nice. Overall a great shirt for casual wear
Buy HIGHLANDER Men Olive Green & Black Slim Fit Checked Casual Shirt  - Shirts for Men 11780934 | Myntra,4.3,‚Çπ532,8 Feb 2025,3,Ayush Anshuman Nayak,"If you‚Äôre describing an elegant ball, you might want to place a character in a form-fitting strapless evening gown, as this is a common piece for formal dances. Describing the clothing reinforces the setting you‚Äôve chosen"
Buy HIGHLANDER Men Olive Green & Black Slim Fit Checked Casual Shirt  - Shirts for Men 11780934 | Myntra,4.3,‚Çπ532,21 Aug 2024,5,Gopal Rathore,"Shirt is very good size too big so i want to go highlander but i will be check my true size than i can get perfect size shirts Highlander thank you myntra 
All over shirt is good and fabric "
Buy HIGHLANDER Men Olive Green & Black Slim Fit Checked Casual Shirt  - Shirts for Men 11780934 | Myntra,4.3,‚Çπ532,3 Nov 2023,4,Myntra Customer,"This is awesome and perfect as per size and cloth quality is also good 
Worth for money "
Buy HIGHLANDER Men Olive Green & Black Slim Fit Checked Casual Shirt  - Shirts for Men 11780934 | Myntra,4.3,‚Çπ532,16 Jan 2025,5,Dev,Cool h
Buy HIGHLANDER Men Olive Green & Black Slim Fit Checked Casual Shirt  - Shirts for Men 11780934 | Myntra,4.3,‚Çπ532,16 Oct 2024,5,Abhishek,"In a simple way , i wanna say go for it .,trust me you guys gonna love it .. talking about price, talking about fabric , everything is top notch, don't think too much just buy it now...."
Buy HIGHLANDER Men Olive Green & Black Slim Fit Checked Casual Shirt  - Shirts for Men 11780934 | Myntra,4.3,‚Çπ532,26 Aug 2024,5,Ram Deep Reddy N,"The shirt is stylish and comfortable, made from high quality material that feels great on skin. It fits well and offers good value for money, making it a solid addition to any wardrobe.
"
Buy HIGHLANDER Men Olive Green & Black Slim Fit Checked Casual Shirt  - Shirts for Men 11780934 | Myntra,4.3,‚Çπ532,23 Sept 2024,4,U Rajani," I bought this for my husband,he likes it very much ,the fit is so comfortable  and quality is very good ,best at this price just go for it with out any hesitation

"
Buy HIGHLANDER Men Olive Green & Black Slim Fit Checked Casual Shirt  - Shirts for Men 11780934 | Myntra,4.3,‚Çπ532,3 Feb 2025,5,Ambar Tiwari,"Great buy! Highlander check grey shirt is stylish, comfortable, and perfect fit. Quality is excellent, as expected from Highlander. Highly satisfied!
Thankyou Myntra ‚ù§Ô∏è‚ù§Ô∏è"
Buy HIGHLANDER Men Olive Green & Black Slim Fit Checked Casual Shirt  - Shirts for Men 11780934 | Myntra,4.3,‚Çπ532,18 Nov 2025,4,Harsh Gupta,Good quality shirt with a comfortable fit. The fabric feels soft and the colour matches the images. Delivery was on time and the packaging was neat and secure.
Buy HIGHLANDER Men Olive Green & Black Slim Fit Checked Casual Shirt  - Shirts for Men 11780934 | Myntra,4.3,‚Çπ532,8 Dec 2024,5,Rk,"The quality of cloth for the price is good. There was no color bleed and no noticable shrinkage. So, if you aren't looking for stretchable material then this is a good choice."
Buy HIGHLANDER Men Olive Green & Black Slim Fit Checked Casual Shirt  - Shirts for Men 11780934 | Myntra,4.3,‚Çπ532,28 Sept 2024,5,Rishi,"this shirt is actually so good and comfortable . at this price , it is really very good from its looks to its quality. you should buy it in my opinion go. for it












"
Buy HIGHLANDER Men Olive Green & Black Slim Fit Checked Casual Shirt  - Shirts for Men 11780934 | Myntra,4.3,‚Çπ532,18 Dec 2020,4,Sushant Mishra,Product quality was good and fitting was as expected.
Buy HIGHLANDER Men Olive Green & Black Slim Fit Checked Casual Shirt  - Shirts for Men 11780934 | Myntra,4.3,‚Çπ532,8 Oct 2025,5,Prakash Mahato,"The shirt looks very stylish and fits perfectly! The fabric feels soft and comfortable. Highlander never disappoints ‚Äî great quality at this price. Totally worth it üëå
"
Buy HIGHLANDER Men Olive Green & Black Slim Fit Checked Casual Shirt  - Shirts for Men 11780934 | Myntra,4.3,‚Çπ532,17 Mar 2025,5,Aditya,I love this shirt. Looking nike. This shirt is one of my favourites. But ‡§ï‡•Å‡§†‡•á ‡§ï‡•Å‡§†‡•á ‡§∂‡§ø‡§≤‡§æ‡§à ‡§®‡§ø‡§ò‡§æ‡§≤‡•Ä ‡§Ü‡§π‡•á . Don't worry it's fine üòâ
Buy HIGHLANDER Men Olive Green & Black Slim Fit Checked Casual Shirt  - Shirts for Men 11780934 | Myntra,4.3,‚Çπ532,6 Aug 2024,4,Myntra Customer,"Lovely Quality 
Im happy. Full money vasool product "
Buy HIGHLANDER Men Olive Green & Black Slim Fit Checked Casual Shirt  - Shirts for Men 11780934 | Myntra,4.3,‚Çπ532,24 Mar 2021,3,Jibu John,Always select a size higher for this brand of shirt. If your size is S for roadster brand shirt then I suggest to select M for highlander brand shirts. I bought S and it is tight for me to wear this shirt. 
Buy HIGHLANDER Men Olive Green & Black Slim Fit Checked Casual Shirt  - Shirts for Men 11780934 | Myntra,4.3,‚Çπ532,3 Mar 2020,4,Navnath Nikam,Mytra people add contrast while they edit these photos. So keep this in mind when you select dark clothes. 
Buy HIGHLANDER Men Olive Green & Black Slim Fit Checked Casual Shirt  - Shirts for Men 11780934 | Myntra,4.3,‚Çπ532,22 Sept 2025,4,Akash Arya,I used this shirt for one year now and I must say it's a good comfortable stuff. Over the period colour fade out but it is quite obvious as its cotton.
Buy HIGHLANDER Men Olive Green & Black Slim Fit Checked Casual Shirt  - Shirts for Men 11780934 | Myntra,4.3,‚Çπ532,18 June 2020,5,Myntra Customer,tooo good quality...?
Buy HIGHLANDER Men Olive Green & Black Slim Fit Checked Casual Shirt  - Shirts for Men 11780934 | Myntra,4.3,‚Çπ532,28 Sept 2023,5,Deepak Vijay Jain,"Highlander my go to brand for checks collection which goes well with my office atmosphere and gives the confidence... Fit, quality and fabric are all worth spending....."
Buy HIGHLANDER Men Olive Green & Black Slim Fit Checked Casual Shirt  - Shirts for Men 11780934 | Myntra,4.3,‚Çπ532,23 Nov 2023,5,Sunny Rajput,A very awesome product Myntra 
Buy HIGHLANDER Men Olive Green & Black Slim Fit Checked Casual Shirt  - Shirts for Men 11780934 | Myntra,4.3,‚Çπ532,14 Oct 2023,5,Ravi Thakur,Nice quality and color too
Buy HIGHLANDER Men Olive Green & Black Slim Fit Checked Casual Shirt  - Shirts for Men 11780934 | Myntra,4.3,‚Çπ532,30 June 2025,4,Faruque Azam,"I am giving a review after using it for a whole month and washing it many times. The fabric is really amazing, and the color is not fading at all.

"
Buy HIGHLANDER Men Olive Green & Black Slim Fit Checked Casual Shirt  - Shirts for Men 11780934 | Myntra,4.3,‚Çπ532,4 Dec 2025,5,Neelesh Rajpoot,I got this Highlander shirt for an amazing offer of ‚Çπ215  üòç The quality is great and it fits well. I'd definitely give it 5 stars ‚≠êÔ∏è‚≠êÔ∏è‚≠êÔ∏è‚≠êÔ∏è‚≠êÔ∏è
Buy HIGHLANDER Men Olive Green & Black Slim Fit Checked Casual Shirt  - Shirts for Men 11780934 | Myntra,4.3,‚Çπ532,10 Jan 2025,5,Pratyush Pandey,Good fabric and I love it
Buy HIGHLANDER Men Olive Green & Black Slim Fit Checked Casual Shirt  - Shirts for Men 11780934 | Myntra,4.3,‚Çπ532,14 Nov 2021,5,Sulagna Biswas,It's looking grear
Buy HIGHLANDER Men Olive Green & Black Slim Fit Checked Casual Shirt  - Shirts for Men 11780934 | Myntra,4.3,‚Çπ532,26 Aug 2024,4,Adarsh,"Looks as well as quality of fabric is very good 
No colour fade at all even it's the most darkest shirt in my collection but no fade in colour "
Buy HIGHLANDER Men Olive Green & Black Slim Fit Checked Casual Shirt  - Shirts for Men 11780934 | Myntra,4.3,‚Çπ532,5 Nov 2021,5,Abhijeet Agarkar,Definitely worth your money ......goes great with formal and casual ........ 
Buy HIGHLANDER Men Olive Green & Black Slim Fit Checked Casual Shirt  - Shirts for Men 11780934 | Myntra,4.3,‚Çπ532,3 Oct 2024,5,Harshit,The stuff of the shoot is very good value for money product the looks of the shirt is just same as showing the picture the fitting of the shirt is very perfect
Buy HIGHLANDER Men Olive Green & Black Slim Fit Checked Casual Shirt  - Shirts for Men 11780934 | Myntra,4.3,‚Çπ532,6 Sept 2024,5,Vishal Joshi,Fitting is very good thanks Highlander and Myntra
Buy HIGHLANDER Men Olive Green & Black Slim Fit Checked Casual Shirt  - Shirts for Men 11780934 | Myntra,4.3,‚Çπ532,29 Sept 2021,5,Koustav Haldar,"Awesome product, The fabric is very nice, the yarn is very good"
Buy HIGHLANDER Men Olive Green & Black Slim Fit Checked Casual Shirt  - Shirts for Men 11780934 | Myntra,4.3,‚Çπ532,23 July 2024,4,Ch Vinod Reddy,Good product and quality and also correct fitting to my body thankyou Myntra ang brand highlander iwill write deep  a review ofter using 
Buy HIGHLANDER Men Olive Green & Black Slim Fit Checked Casual Shirt  - Shirts for Men 11780934 | Myntra,4.3,‚Çπ532,10 Aug 2024,4,Vishal,Perfect for me. Size 39 and quality is just brilliant. 
Buy HIGHLANDER Men Olive Green & Black Slim Fit Checked Casual Shirt  - Shirts for Men 11780934 | Myntra,4.3,‚Çπ532,16 Mar 2025,5,Anukool,"perfect for everyday wear. The fit is true to size, and the design looks exactly as pictured. It's stylish, comfortable, and great quality for the price."
Buy HIGHLANDER Men Olive Green & Black Slim Fit Checked Casual Shirt  - Shirts for Men 11780934 | Myntra,4.3,‚Çπ532,31 Aug 2024,4,Puja Mahanta,"Quality of this shirt is very good and the colour combination also , it worth every penny really my brother like this shirt it's food."
Buy HIGHLANDER Men Olive Green & Black Slim Fit Checked Casual Shirt  - Shirts for Men 11780934 | Myntra,4.3,‚Çπ532,28 May 2020,4,Farukbhai Harunbhai,Perfect fitting
Buy HIGHLANDER Men Olive Green & Black Slim Fit Checked Casual Shirt  - Shirts for Men 11780934 | Myntra,4.3,‚Çπ532,25 Sept 2024,4,Myntra Customer,The fitting is good a little loose but its okay and the material is not purely cotton overall a good product at this price range 
Buy HIGHLANDER Men Olive Green & Black Slim Fit Checked Casual Shirt  - Shirts for Men 11780934 | Myntra,4.3,‚Çπ532,12 Oct 2023,5,Deepak Shankar Karkera,"This shirt has a unique texture and fitting..we can wear and approach it as in formals as well as in casual tooü§òüèªüòé
Thank you Myntra‚ô•Ô∏è"
Buy HIGHLANDER Men Olive Green & Black Slim Fit Checked Casual Shirt  - Shirts for Men 11780934 | Myntra,4.3,‚Çπ532,2 Aug 2021,5,Pk Production,Shirt is good colour is not fade after washing
Buy HIGHLANDER Men Olive Green & Black Slim Fit Checked Casual Shirt  - Shirts for Men 11780934 | Myntra,4.3,‚Çπ532,27 Sept 2021,5,Sharath Bhat,Awesome product . Super quality perfect fit ??? love this . 
Buy HIGHLANDER Men Olive Green & Black Slim Fit Checked Casual Shirt  - Shirts for Men 11780934 | Myntra,4.3,‚Çπ532,24 Mar 2024,4,Md Sarfaraz Alam,Kapda quality best hain hain or jiska chest 32 se 35 tak hain usko thora loos hogga but shirt ka color bhi mast h le sakte ho 
Buy HIGHLANDER Men Olive Green & Black Slim Fit Checked Casual Shirt  - Shirts for Men 11780934 | Myntra,4.3,‚Çπ532,12 Oct 2024,4,Mann,Colour is same as shown in the picture. Quality looks good so far but it's more like a cotton shirt so you have to iron more.
Buy HIGHLANDER Men Olive Green & Black Slim Fit Checked Casual Shirt  - Shirts for Men 11780934 | Myntra,4.3,‚Çπ532,30 Aug 2024,5,Jayesh Padhiyar,Fantastic fitting. Best material heavy gauge fabric. Loved it! 
Buy HIGHLANDER Men Olive Green & Black Slim Fit Checked Casual Shirt  - Shirts for Men 11780934 | Myntra,4.3,‚Çπ532,7 Oct 2024,5,6209512523,‡§Ø‡§π product ‡§¨‡§π‡•Å‡§§ ‡§π‡•Ä ‡§Ö‡§ö‡•ç‡§õ‡§æ ‡§π‡•à ‡§á‡§∏‡•á ‡§è‡§ï ‡§¨‡§æ‡§∞ ‡§ú‡§∞‡•Ç‡§∞ ‡§ñ‡§∞‡•Ä‡§¶‡•á       ‚ù£Ô∏èTHANK YOU ‚ù£Ô∏è
Buy HIGHLANDER Men Olive Green & Black Slim Fit Checked Casual Shirt  - Shirts for Men 11780934 | Myntra,4.3,‚Çπ532,17 Mar 2025,5,Akshat,"Very good casual shirt from highlander, fit is good and fabric  texture is smooth, and colour didnt fade away after wash. Overall worth it‚Ä¶"
Buy HIGHLANDER Men Olive Green & Black Slim Fit Checked Casual Shirt  - Shirts for Men 11780934 | Myntra,4.3,‚Çπ532,31 Aug 2024,5,Vishal,"Over-all comfort and fittings are perfect, and I liked the checked patter very much , that's a good quality product . Thank you  mintra ‚ù§Ô∏è"
Buy HIGHLANDER Men Olive Green & Black Slim Fit Checked Casual Shirt  - Shirts for Men 11780934 | Myntra,4.3,‚Çπ532,6 June 2024,5,Pinku,Cloth quality is great and looks solid. The real shirt is accurate to the picture. Doing exchange due to added weight and flesh around my body.
Buy HIGHLANDER Men Olive Green & Black Slim Fit Checked Casual Shirt  - Shirts for Men 11780934 | Myntra,4.3,‚Çπ532,12 June 2024,5,Raj,"Value for money, fabric quality is better than expected, the shine of fabric give luxurious look and got many head turn on me while walking. "
Buy HIGHLANDER Men Olive Green & Black Slim Fit Checked Casual Shirt  - Shirts for Men 11780934 | Myntra,4.3,‚Çπ532,30 Sept 2024,5,Vishal,"The green checks and dark colour makes it aesthetic and the quality is surprisingly good and the colour too
And fits with every outfitüòâ"
Buy HIGHLANDER Men Olive Green & Black Slim Fit Checked Casual Shirt  - Shirts for Men 11780934 | Myntra,4.3,‚Çπ532,5 Sept 2024,5,Akash Gowda,"Color and clothe quality is just perfect... I have ordered size 40.. but felt little tight at the shoulder... 
But the product is perfect "
Buy HIGHLANDER Men Olive Green & Black Slim Fit Checked Casual Shirt  - Shirts for Men 11780934 | Myntra,4.3,‚Çπ532,29 Sept 2024,4,Myntra Customer,The fit was just right but the length was a bit short for my liking. Material is also soft. All in all a good product 
Buy HIGHLANDER Men Olive Green & Black Slim Fit Checked Casual Shirt  - Shirts for Men 11780934 | Myntra,4.3,‚Çπ532,12 June 2024,4,Satyam Mishra,The quality of the t-shirt is pretty good and  i had to give it to the tailor for fitting and it turned out perfect.
Buy HIGHLANDER Men Olive Green & Black Slim Fit Checked Casual Shirt  - Shirts for Men 11780934 | Myntra,4.3,‚Çπ532,30 Sept 2024,4,Ganesh,Material and quality is good. Color is good not fading after washes. Overall the product is good and worth the money
Buy HIGHLANDER Men Olive Green & Black Slim Fit Checked Casual Shirt  - Shirts for Men 11780934 | Myntra,4.3,‚Çπ532,29 Sept 2021,5,Ritaban Ghosh,"Colour is really awesome as shown in the picture... The quality of the cloth is very good... and It fits well... Value for money ...
"
Buy HIGHLANDER Men Olive Green & Black Slim Fit Checked Casual Shirt  - Shirts for Men 11780934 | Myntra,4.3,‚Çπ532,30 May 2024,4,Sai,Nice shirt with good looking colour but fitting is too tight... I Suggest to get upper size then your regular size
Buy HIGHLANDER Men Olive Green & Black Slim Fit Checked Casual Shirt  - Shirts for Men 11780934 | Myntra,4.3,‚Çπ532,15 Aug 2024,5,B Swathi,"My husband likes this shirt very much üòä and the quality, fabric is perfect üëçüèª At this cost it's really amazing ü§© Thank you "
Buy HIGHLANDER Men Olive Green & Black Slim Fit Checked Casual Shirt  - Shirts for Men 11780934 | Myntra,4.3,‚Çπ532,2 Dec 2023,5,Abinesh Shanmuganathan,One of my best purchase till date. Favorite shirt in my day to day wear. Still using without any damage to my shirt after serval wash. 
Buy HIGHLANDER Men Olive Green & Black Slim Fit Checked Casual Shirt  - Shirts for Men 11780934 | Myntra,4.3,‚Çπ532,10 Aug 2024,4,Nikhil Kumar,This product is very good and i have better experience on this app so my thought will this product is amazing‚úå
Buy HIGHLANDER Men Olive Green & Black Slim Fit Checked Casual Shirt  - Shirts for Men 11780934 | Myntra,4.3,‚Çπ532,19 Aug 2024,5,Shaurya Srivastav,"This is going to be my favourite shirt till now 
Perfect size
Perfect quality 
Perfect styling 
The best shirt till now I've ordered "
Buy HIGHLANDER Men Olive Green & Black Slim Fit Checked Casual Shirt  - Shirts for Men 11780934 | Myntra,4.3,‚Çπ532,29 Nov 2020,4,Jigar Gajora,"Although I liked the color of the shirt, but I had to alter it to my fitting but after that I am very satisfied with the shirt‚ô•Ô∏è"
Buy HIGHLANDER Men Olive Green & Black Slim Fit Checked Casual Shirt  - Shirts for Men 11780934 | Myntra,4.3,‚Çπ532,9 Sept 2024,5,Praveen Singh,"Quality is just average but overall good looking shirt in such range so value for money 
But buy Extra size which you normally wear "
Buy HIGHLANDER Men Olive Green & Black Slim Fit Checked Casual Shirt  - Shirts for Men 11780934 | Myntra,4.3,‚Çπ532,18 Nov 2023,4,Ashutosh Gautam,"4 star bcoz its nice as expected, i would give 5 star but there is some yarns show so i have to cut it sharply"
Buy HIGHLANDER Men Olive Green & Black Slim Fit Checked Casual Shirt  - Shirts for Men 11780934 | Myntra,4.3,‚Çπ532,24 July 2025,5,Lakshit Jain,"Stylish, comfortable, and versatile ‚Äî this shirt is perfect for casual meetups, coffee dates, or even a relaxed office setting."
Buy HIGHLANDER Men Olive Green & Black Slim Fit Checked Casual Shirt  - Shirts for Men 11780934 | Myntra,4.3,‚Çπ532,1 Aug 2025,4,Subhodip Sarkar,"Good quality at this price point.
Order one size smaller from your local market purchase this will be very good"
Buy HIGHLANDER Men Olive Green & Black Slim Fit Checked Casual Shirt  - Shirts for Men 11780934 | Myntra,4.3,‚Çπ532,29 Nov 2023,5,Being Dharmaraj,The cloth of this shirt is surprisingly rich in quality..... I feel really comfortable and confident as well wearing this shirt....
Buy HIGHLANDER Men Olive Green & Black Slim Fit Checked Casual Shirt  - Shirts for Men 11780934 | Myntra,4.3,‚Çπ532,19 Aug 2024,5,Nithish,As expected with good quality and it's with in the budget.. suggest blindly go for it..
Buy HIGHLANDER Men Olive Green & Black Slim Fit Checked Casual Shirt  - Shirts for Men 11780934 | Myntra,4.3,‚Çπ532,27 Aug 2024,4,Abhinay Singh Rao,"The shirt is nice, and a good fit, however it's not pure cotton, rest everything is good so 4 stars out of 5"
Buy HIGHLANDER Men Olive Green & Black Slim Fit Checked Casual Shirt  - Shirts for Men 11780934 | Myntra,4.3,‚Çπ532,2 Oct 2024,5,Avkash Tiwari,Excellent quality and excellent fitting.... awesome product..Thnx Myntra I m just loving it to do the shopping at ur website...
Buy HIGHLANDER Men Olive Green & Black Slim Fit Checked Casual Shirt  - Shirts for Men 11780934 | Myntra,4.3,‚Çπ532,20 May 2024,5,Guhan Arul,The shirt is looking really good. Actually it will suit both casual as well as formal look. Overall satisfied with the purchase. 
Buy HIGHLANDER Men Olive Green & Black Slim Fit Checked Casual Shirt  - Shirts for Men 11780934 | Myntra,4.3,‚Çπ532,30 Sept 2024,4,Bharat Sharma,"The shirt is of very comfortable material, good in fitting and the colour and shade is very urban and cool."
Buy HIGHLANDER Men Olive Green & Black Slim Fit Checked Casual Shirt  - Shirts for Men 11780934 | Myntra,4.3,‚Çπ532,10 Aug 2024,5,Rashim,Good quality shirt and price is less as well.
Buy HIGHLANDER Men Olive Green & Black Slim Fit Checked Casual Shirt  - Shirts for Men 11780934 | Myntra,4.3,‚Çπ532,21 Dec 2020,5,Sivakumar,"Cloth fitting is too good, totally i loved it. "
Buy HIGHLANDER Men Olive Green & Black Slim Fit Checked Casual Shirt  - Shirts for Men 11780934 | Myntra,4.3,‚Çπ532,24 Sept 2024,5,Sakki Khan,Its nice shirt but a little small for me but i managed to wear it but good quality and colour... Always good to buy on myntra
Buy HIGHLANDER Men Olive Green & Black Slim Fit Checked Casual Shirt  - Shirts for Men 11780934 | Myntra,4.3,‚Çπ532,5 Aug 2024,5,Kunal,The product was awesome and it's quality is also superb. I like the product very much. The product was beyond my expectations.
Buy HIGHLANDER Men Olive Green & Black Slim Fit Checked Casual Shirt  - Shirts for Men 11780934 | Myntra,4.3,‚Çπ532,22 Oct 2021,5,Naveen Baid,Product quality is super as expected...?
Buy HIGHLANDER Men Olive Green & Black Slim Fit Checked Casual Shirt  - Shirts for Men 11780934 | Myntra,4.3,‚Çπ532,27 Sept 2023,5,Susovon Ghosh,Perfect Fitting and loved the colour. ‚ù§Ô∏è
Buy HIGHLANDER Men Olive Green & Black Slim Fit Checked Casual Shirt  - Shirts for Men 11780934 | Myntra,4.3,‚Çπ532,5 Sept 2024,4,Simpul Simon,Good shirt but due to the colour it may look brand new shirt as an old one but it's comfortable to wear 
Buy HIGHLANDER Men Olive Green & Black Slim Fit Checked Casual Shirt  - Shirts for Men 11780934 | Myntra,4.3,‚Çπ532,28 Aug 2024,5,Dhruv,"Good service delivered within 1 days... Excellent... The product received is too... Good... My husband likes the product.. 
"
Buy HIGHLANDER Men Olive Green & Black Slim Fit Checked Casual Shirt  - Shirts for Men 11780934 | Myntra,4.3,‚Çπ532,9 Oct 2024,5,Nitanshu Dhiman,"Fabric awesome, fitting top notch, colour as you can see in pictures same as it is don't think just buy..
Thank you myntra "
Buy HIGHLANDER Men Olive Green & Black Slim Fit Checked Casual Shirt  - Shirts for Men 11780934 | Myntra,4.3,‚Çπ532,29 Apr 2025,5,Rakesh,"This is a good stylish shirt and quality also very good . I like it.

Definitely I would recommend that.

Thank You Myntra"
Buy HIGHLANDER Men Olive Green & Black Slim Fit Checked Casual Shirt  - Shirts for Men 11780934 | Myntra,4.3,‚Çπ532,11 Aug 2024,5,Ishu,"It just way too good for this prize range ..... colour fabric and fit is awesome ....must buy product for this price range 
"
Buy HIGHLANDER Men Olive Green & Black Slim Fit Checked Casual Shirt  - Shirts for Men 11780934 | Myntra,4.3,‚Çπ532,18 Aug 2024,5,Bijoy Madhu,"Achha hai , bohot khas nahi "
Buy HIGHLANDER Men Olive Green & Black Slim Fit Checked Casual Shirt  - Shirts for Men 11780934 | Myntra,4.3,‚Çπ532,14 Jan 2025,4,Amit Singh,Shirt is pure cotton and look is good. If you wear 40 size then order 42. I am happy with this product 
Buy HIGHLANDER Men Olive Green & Black Slim Fit Checked Casual Shirt  - Shirts for Men 11780934 | Myntra,4.3,‚Çπ532,7 Apr 2025,4,Aneek Ghosh,Value for money üí∞ and decent productü§ç
Buy HIGHLANDER Men Olive Green & Black Slim Fit Checked Casual Shirt  - Shirts for Men 11780934 | Myntra,4.3,‚Çπ532,20 June 2024,5,Manisha Thadani,Really very nice shirt. The colour and quality is just perfect. Looks very nice. It is pure cotton shirt with good fitting.
Buy HIGHLANDER Men Olive Green & Black Slim Fit Checked Casual Shirt  - Shirts for Men 11780934 | Myntra,4.3,‚Çπ532,30 June 2024,5,Anshuman Dey,The shirt is quit good 
Buy HIGHLANDER Men Olive Green & Black Slim Fit Checked Casual Shirt  - Shirts for Men 11780934 | Myntra,4.3,‚Çπ532,10 May 2025,5,Yogesh,"This shirt is very comfortable, I wore it for many days and still it remained the same and its colour did not changeüíó"
Buy HIGHLANDER Men Olive Green & Black Slim Fit Checked Casual Shirt  - Shirts for Men 11780934 | Myntra,4.3,‚Çπ532,29 May 2024,5,Suman Maity,"A very good looking shirt , I made this purchase for my sister's husband and he liked it very much. Good quality shirt also"
Buy HIGHLANDER Men Olive Green & Black Slim Fit Checked Casual Shirt  - Shirts for Men 11780934 | Myntra,4.3,‚Çπ532,10 Aug 2025,5,Gowtham Kumar,Best cloth best fit and slim fit and after wash also cloth reflects the same shine and texture.over all mixture review.
Buy HIGHLANDER Men Olive Green & Black Slim Fit Checked Casual Shirt  - Shirts for Men 11780934 | Myntra,4.3,‚Çπ532,20 Sept 2024,4,Vicky,"Thw product was pretty good , good than offline shops , and the quality of the product is also good"
Buy HIGHLANDER Men Olive Green & Black Slim Fit Checked Casual Shirt  - Shirts for Men 11780934 | Myntra,4.3,‚Çπ532,21 July 2024,4,Halesh,Value for money and it's looking  beautiful‚ú®. Clothe quality is good üëçEasley you can bye it. 
Buy HIGHLANDER Men Olive Green & Black Slim Fit Checked Casual Shirt  - Shirts for Men 11780934 | Myntra,4.3,‚Çπ532,9 Aug 2024,5,Mayank,"This is a very cool shirt, you guys don't even think about buying it 
And Thank you Myntra for best experience ü§åü§å"
Buy HIGHLANDER Men Olive Green & Black Slim Fit Checked Casual Shirt  - Shirts for Men 11780934 | Myntra,4.3,‚Çπ532,23 Aug 2024,5,Siddharth Singh,Fabric is awesome and well fitted shirt and the colour and print is awesome 
Buy HIGHLANDER Men Olive Green & Black Slim Fit Checked Casual Shirt  - Shirts for Men 11780934 | Myntra,4.3,‚Çπ532,21 Aug 2024,5,Vineet Solanki,What a lovely fitting it looks like it is made only for me.  Great and I found it very low price it's too much great
Buy HIGHLANDER Men Olive Green & Black Slim Fit Checked Casual Shirt  - Shirts for Men 11780934 | Myntra,4.3,‚Çπ532,11 July 2020,4,Jeny Laishram,Sizing is smaller than other brand so go for a size up.. nice shirt material is not so soft but its ok.. really nice colour same as picture 
Buy HIGHLANDER Men Olive Green & Black Slim Fit Checked Casual Shirt  - Shirts for Men 11780934 | Myntra,4.3,‚Çπ532,13 Sept 2024,5,Sd,The Product is really awesome in this price and the febric is purely cotton which is very comfortable to wearü•∞
Buy HIGHLANDER Men Olive Green & Black Slim Fit Checked Casual Shirt  - Shirts for Men 11780934 | Myntra,4.3,‚Çπ532,8 June 2025,3,Manthan,"Bought it as a casual shirt but works well for office too. Looks great tucked in with black pants. Fabric isn‚Äôt premium, but decent for the price."
Buy HIGHLANDER Men Olive Green & Black Slim Fit Checked Casual Shirt  - Shirts for Men 11780934 | Myntra,4.3,‚Çπ532,7 Oct 2021,5,Bhushan Nagare,Nice shirt thanks Myntra ?
Buy HIGHLANDER Men Olive Green & Black Slim Fit Checked Casual Shirt  - Shirts for Men 11780934 | Myntra,4.3,‚Çπ532,13 Apr 2024,5,Rituja Tiwari,"I ordered it for my brother for Diwali.....and my brother is looking handsome in this shirt.....go for it guysssss
"
Buy HIGHLANDER Men Olive Green & Black Slim Fit Checked Casual Shirt  - Shirts for Men 11780934 | Myntra,4.3,‚Çπ532,5 Aug 2024,4,Vikram,"Good shirt looks awesome. 1st impression Very good , lets see what it becomes after washing "
Buy HIGHLANDER Men Olive Green & Black Slim Fit Checked Casual Shirt  - Shirts for Men 11780934 | Myntra,4.3,‚Çπ532,24 Aug 2024,3,Shubh,"Masterpiece design anyone like this colour.
In quality is excellent
If you like the design you all should buy this
Everyone can buy this colour "
Buy HIGHLANDER Men Olive Green & Black Slim Fit Checked Casual Shirt  - Shirts for Men 11780934 | Myntra,4.3,‚Çπ532,13 June 2025,5,Mayank Kumar,Nice fit i bought size 39  and it's perfect fit and the clothe's texture is also very good at this price range
Buy HIGHLANDER Men Olive Green & Black Slim Fit Checked Casual Shirt  - Shirts for Men 11780934 | Myntra,4.3,‚Çπ532,24 Dec 2020,5,Bishnupriya Patra,Vrey good product.. Thumbs up?
Buy HIGHLANDER Men Olive Green & Black Slim Fit Checked Casual Shirt  - Shirts for Men 11780934 | Myntra,4.3,‚Çπ532,29 Apr 2024,4,Aishwarya,The colour of the product is not same as shown in picture but the fit and quality are good
Buy HIGHLANDER Men Olive Green & Black Slim Fit Checked Casual Shirt  - Shirts for Men 11780934 | Myntra,4.3,‚Çπ532,15 Nov 2024,5,Dhanush,"Quality of the product is too good and worth for price and I m satisfied  by size fit and quality of product 
"
Buy HIGHLANDER Men Olive Green & Black Slim Fit Checked Casual Shirt  - Shirts for Men 11780934 | Myntra,4.3,‚Çπ532,25 Apr 2024,5,Ishank Goel,Amazing quality. One of the best that I have got. The design and fit are perfect. Best for most of the occasions.
Buy HIGHLANDER Men Olive Green & Black Slim Fit Checked Casual Shirt  - Shirts for Men 11780934 | Myntra,4.3,‚Çπ532,17 Mar 2024,5,Vinoth,"Bought this shirt on a offer, the fit was perfect and I have washed it many times, but still it hasn't faded yet."
Buy HIGHLANDER Men Olive Green & Black Slim Fit Checked Casual Shirt  - Shirts for Men 11780934 | Myntra,4.3,‚Çπ532,5 Oct 2024,4,Kaila Arul,"Good Shirt. Got it in good cost. The color and cost is good
The product is value for money "
Buy HIGHLANDER Men Olive Green & Black Slim Fit Checked Casual Shirt  - Shirts for Men 11780934 | Myntra,4.3,‚Çπ532,28 Sept 2021,5,Sayan Biswas,Nice cotton..very comfortable
Buy HIGHLANDER Men Olive Green & Black Slim Fit Checked Casual Shirt  - Shirts for Men 11780934 | Myntra,4.3,‚Çπ532,15 July 2020,5,Yuganth,I gifted it to my love...n it suited him very much n he looked soo cute with this shirt
Buy HIGHLANDER Men Olive Green & Black Slim Fit Checked Casual Shirt  - Shirts for Men 11780934 | Myntra,4.3,‚Çπ532,20 Aug 2024,5,Sujith Reddy,Too good for the price offered by Myntra. The material and the color combination were very good. Worthy buy .
Buy HIGHLANDER Men Olive Green & Black Slim Fit Checked Casual Shirt  - Shirts for Men 11780934 | Myntra,4.3,‚Çπ532,22 Dec 2024,5,Myntra Customer,"Absolutely in love with the product! Perfect fitting, looks nice.
The colour and the pattern is lovely üåπ"
Buy HIGHLANDER Men Olive Green & Black Slim Fit Checked Casual Shirt  - Shirts for Men 11780934 | Myntra,4.3,‚Çπ532,17 July 2024,4,Janki Patel,"Comfortable, the colour is the same as in the picture, febric quality is too good üëç."
Buy HIGHLANDER Men Olive Green & Black Slim Fit Checked Casual Shirt  - Shirts for Men 11780934 | Myntra,4.3,‚Çπ532,13 Aug 2024,5,Ratan Chauhan,Solid colour with high quality fabric is used and price is too good of highlander company thanks too Myntra 
Buy HIGHLANDER Men Olive Green & Black Slim Fit Checked Casual Shirt  - Shirts for Men 11780934 | Myntra,4.3,‚Çπ532,19 Aug 2024,5,Shouvik Das,Perfect fit... Loved it..
Buy HIGHLANDER Men Olive Green & Black Slim Fit Checked Casual Shirt  - Shirts for Men 11780934 | Myntra,4.3,‚Çπ532,9 Aug 2024,5,Myntra Customer,This is an amazing shirt. Same colour as shown. Stitching is nice. Fabric is awesome. Loved it on my man.  
Buy HIGHLANDER Men Olive Green & Black Slim Fit Checked Casual Shirt  - Shirts for Men 11780934 | Myntra,4.3,‚Çπ532,15 July 2024,4,Hareesh,"Item overall good quality but looks like dull color, but acceptable at this price tag"
Buy HIGHLANDER Men Olive Green & Black Slim Fit Checked Casual Shirt  - Shirts for Men 11780934 | Myntra,4.3,‚Çπ532,30 Sept 2023,4,Tamali Chakraborty,"Nice shirt , i thought it would be cotton material but it's polyester other wise okey. "
Buy HIGHLANDER Men Olive Green & Black Slim Fit Checked Casual Shirt  - Shirts for Men 11780934 | Myntra,4.3,‚Çπ532,7 Sept 2024,5,Divyanshu,"The shirt is really good, it looks good , great quality feels great, like this shirt just feels too good."
Buy HIGHLANDER Men Olive Green & Black Slim Fit Checked Casual Shirt  - Shirts for Men 11780934 | Myntra,4.3,‚Çπ532,7 Oct 2024,5,Yashas Ap,"Good one ,no colour fading I have watched it 3 times then Im writing this review. I recommend you to buy"
Buy HIGHLANDER Men Olive Green & Black Slim Fit Checked Casual Shirt  - Shirts for Men 11780934 | Myntra,4.3,‚Çπ532,14 May 2024,5,Shubham Salgaonkar,I like wearing this Shirt every week.. It's so silky smooth and the color really goes well with black jeans
Buy HIGHLANDER Men Olive Green & Black Slim Fit Checked Casual Shirt  - Shirts for Men 11780934 | Myntra,4.3,‚Çπ532,6 Nov 2025,5,Abi,Good one on this prize. Material is good !!
Buy HIGHLANDER Men Olive Green & Black Slim Fit Checked Casual Shirt  - Shirts for Men 11780934 | Myntra,4.3,‚Çπ532,7 Sept 2025,5,Subham Dhibar,"Very comfortable to wear , I'm using this shirt for more than 6 Months for office use no issues found "
Buy HIGHLANDER Men Olive Green & Black Slim Fit Checked Casual Shirt  - Shirts for Men 11780934 | Myntra,4.3,‚Çπ532,3 Sept 2024,4,Myntra Customer,Size bought 39.Cloth is very much comfortable and fit.Good quality from highlander.
Buy HIGHLANDER Men Olive Green & Black Slim Fit Checked Casual Shirt  - Shirts for Men 11780934 | Myntra,4.3,‚Çπ532,31 May 2024,4,Ricky,The fit was just right and the fabric isn't the best out there but decent enough. 
Buy HIGHLANDER Men Olive Green & Black Slim Fit Checked Casual Shirt  - Shirts for Men 11780934 | Myntra,4.3,‚Çπ532,25 Mar 2025,5,Sakshi Raj,Great absolutely loved it .. Wearing it feels really soft and smooth loved the logo .. Pls go for it 
Buy HIGHLANDER Men Olive Green & Black Slim Fit Checked Casual Shirt  - Shirts for Men 11780934 | Myntra,4.3,‚Çπ532,27 Sept 2024,5,Salman,"It fits me perfectly, adds to my physique, great if you're looking for something aesthetic but simple."
Buy HIGHLANDER Men Olive Green & Black Slim Fit Checked Casual Shirt  - Shirts for Men 11780934 | Myntra,4.3,‚Çπ532,2 Oct 2023,4,Dhiraj Singha,"Good product üëças expected,i liked the meterial is soo good
"
Buy HIGHLANDER Men Olive Green & Black Slim Fit Checked Casual Shirt  - Shirts for Men 11780934 | Myntra,4.3,‚Çπ532,27 Dec 2020,4,Chandu Marthati,"The length and fit suits perfect on me 
Especially my arms just fitted very well "
Buy HIGHLANDER Men Olive Green & Black Slim Fit Checked Casual Shirt  - Shirts for Men 11780934 | Myntra,4.3,‚Çπ532,18 Dec 2024,5,Shahbaz,The quality of shirt is excellent. The fabric of this cloth is so good on skin .The fit is too right
Buy HIGHLANDER Men Olive Green & Black Slim Fit Checked Casual Shirt  - Shirts for Men 11780934 | Myntra,4.3,‚Çπ532,13 Nov 2024,5,Aniket Deshmukh,The product was very good at all . The cloth material was gery good in this budget
Buy HIGHLANDER Men Olive Green & Black Slim Fit Checked Casual Shirt  - Shirts for Men 11780934 | Myntra,4.3,‚Çπ532,8 Mar 2025,4,Zeeshan Ahmad,"Love the product. Little thick, not for summer. Can be styled in variety of ways. "
Buy HIGHLANDER Men Olive Green & Black Slim Fit Checked Casual Shirt  - Shirts for Men 11780934 | Myntra,4.3,‚Çπ532,17 July 2024,5,Lavanya G,The quality of the product was very nice and the service was also very professional. Thank you Mynthra
Buy HIGHLANDER Men Olive Green & Black Slim Fit Checked Casual Shirt  - Shirts for Men 11780934 | Myntra,4.3,‚Çπ532,25 Sept 2024,5,Neha Mukadam,The shirt i received is as same as shown in the picture ! The material the colour is perfect as well
Buy HIGHLANDER Men Olive Green & Black Slim Fit Checked Casual Shirt  - Shirts for Men 11780934 | Myntra,4.3,‚Çπ532,12 Oct 2023,5,Manikanta,"It's soo nice fabric, quality and colour design ....
For shopping myntra is the best place.....üôÇ"
Buy HIGHLANDER Men Olive Green & Black Slim Fit Checked Casual Shirt  - Shirts for Men 11780934 | Myntra,4.3,‚Çπ532,23 July 2024,4,Balu Battula,"Liked the product very much 
Quality of the product's fabric is also very good "
Buy HIGHLANDER Men Olive Green & Black Slim Fit Checked Casual Shirt  - Shirts for Men 11780934 | Myntra,4.3,‚Çπ532,15 Aug 2024,4,Hitesh Agrawal,"Good Cloth Quality.
Color didn't washed even after many washes.
Worth buying it."
Buy HIGHLANDER Men Olive Green & Black Slim Fit Checked Casual Shirt  - Shirts for Men 11780934 | Myntra,4.3,‚Çπ532,2 July 2025,4,Sai Krishna,Shirt is simply awesome...Exact fit and quality and colour is also as expected..
Buy HIGHLANDER Men Olive Green & Black Slim Fit Checked Casual Shirt  - Shirts for Men 11780934 | Myntra,4.3,‚Çπ532,12 Sept 2024,4,Prateek Pandey,The quality of the shirt is good you can go for it as a good option in budget .
Buy HIGHLANDER Men Olive Green & Black Slim Fit Checked Casual Shirt  - Shirts for Men 11780934 | Myntra,4.3,‚Çπ532,8 Dec 2024,4,Nitin,Colour doesn't faded till now. You can pair it with both formal or jeans pants 
Buy HIGHLANDER Men Olive Green & Black Slim Fit Checked Casual Shirt  - Shirts for Men 11780934 | Myntra,4.3,‚Çπ532,22 Aug 2022,5,Chikhwn Basumatary,Best product ever that I have brought from online .. must buy for Thin and Tall Guys like me..
Buy HIGHLANDER Men Olive Green & Black Slim Fit Checked Casual Shirt  - Shirts for Men 11780934 | Myntra,4.3,‚Çπ532,17 Jan 2025,5,Kunal Dutta,Awesome quality 
Buy HIGHLANDER Men Olive Green & Black Slim Fit Checked Casual Shirt  - Shirts for Men 11780934 | Myntra,4.3,‚Çπ532,7 July 2025,5,Ananya Kundu,I have ordered in 2024 but still now I am using....so nice....no colour fade ..no quality issue 
Buy HIGHLANDER Men Olive Green & Black Slim Fit Checked Casual Shirt  - Shirts for Men 11780934 | Myntra,4.3,‚Çπ532,30 Sept 2024,5,Myntra Customer, I just loved the fabric and the comfort fitting‚Ä¶.as compared to price this shirt is very nice 
Buy HIGHLANDER Men Olive Green & Black Slim Fit Checked Casual Shirt  - Shirts for Men 11780934 | Myntra,4.3,‚Çπ532,21 June 2024,5,Nabajyoti Kalita,"I am actually use this product around 3 year, it's actually loved , i want more products like this"
Buy HIGHLANDER Men Olive Green & Black Slim Fit Checked Casual Shirt  - Shirts for Men 11780934 | Myntra,4.3,‚Çπ532,2 Oct 2024,4,Shiva,"Little bit loose and sleeves are too wider
But shirt is really good and nice "
Buy HIGHLANDER Men Olive Green & Black Slim Fit Checked Casual Shirt  - Shirts for Men 11780934 | Myntra,4.3,‚Çπ532,22 Dec 2024,5,Urvi Sharma,"Amazing shirt I purchased this for my husband and it's very very good, quality is just amazing."
Buy HIGHLANDER Men Olive Green & Black Slim Fit Checked Casual Shirt  - Shirts for Men 11780934 | Myntra,4.3,‚Çπ532,11 Mar 2025,4,Abhishek,Quality of shirt is good according to the price but the size is a little big.
Buy HIGHLANDER Men Olive Green & Black Slim Fit Checked Casual Shirt  - Shirts for Men 11780934 | Myntra,4.3,‚Çπ532,9 Dec 2025,5,Myntra Customer,The quality of the product is good for price and the product is so good .Thanks to myntra ü•∞
Buy HIGHLANDER Men Olive Green & Black Slim Fit Checked Casual Shirt  - Shirts for Men 11780934 | Myntra,4.3,‚Çπ532,26 June 2024,4,Prashant S Patil,"The Shirt quality is good, but little lengthy from front,,very comfortable "
Buy HIGHLANDER Men Olive Green & Black Slim Fit Checked Casual Shirt  - Shirts for Men 11780934 | Myntra,4.3,‚Çπ532,19 Oct 2021,5,Pari,Highlander is the best brand always provide me best products thanks ?
Buy HIGHLANDER Men Olive Green & Black Slim Fit Checked Casual Shirt  - Shirts for Men 11780934 | Myntra,4.3,‚Çπ532,22 Aug 2024,5,Himanshu Namdev,Its Amazing and quality perfectly fit for selected size and did not loose its colour after wash.
Buy HIGHLANDER Men Olive Green & Black Slim Fit Checked Casual Shirt  - Shirts for Men 11780934 | Myntra,4.3,‚Çπ532,25 Sept 2024,5,Sangram Ghosh Bag,Oh man .. this is extremely super soft adorable cloth .  I just loved it .. will purchase again
Buy HIGHLANDER Men Olive Green & Black Slim Fit Checked Casual Shirt  - Shirts for Men 11780934 | Myntra,4.3,‚Çπ532,23 Sept 2024,5,Gaurav Singh,"best quality shirt must buy if you want a comfortable and stylish looking shirt at a same time
"
Buy HIGHLANDER Men Olive Green & Black Slim Fit Checked Casual Shirt  - Shirts for Men 11780934 | Myntra,4.3,‚Çπ532,26 Nov 2024,4,Daniel,If you are looking for the best budget shirt..you can definitely go for it. 
Buy HIGHLANDER Men Olive Green & Black Slim Fit Checked Casual Shirt  - Shirts for Men 11780934 | Myntra,4.3,‚Çπ532,31 Dec 2024,5,Yash Shah,"Absolutely great fit. This product is fit to size and colour stays the same after first wash.
"
Buy HIGHLANDER Men Olive Green & Black Slim Fit Checked Casual Shirt  - Shirts for Men 11780934 | Myntra,4.3,‚Çπ532,12 Oct 2024,5,Amlan,"Lovely product, goes with the trend , great material, comfortable , and also budget friendly. "
Buy HIGHLANDER Men Olive Green & Black Slim Fit Checked Casual Shirt  - Shirts for Men 11780934 | Myntra,4.3,‚Çπ532,22 Aug 2024,5,Wasma,"Such a very nice shirt, Very nice color, Maza aa gaya ek aur order ki he mere colleague ke liye"
Buy HIGHLANDER Men Olive Green & Black Slim Fit Checked Casual Shirt  - Shirts for Men 11780934 | Myntra,4.3,‚Çπ532,11 Oct 2023,5,Vivek,Just perfect in colour and nice quality üëå but they should be works on  fitting in shirts.
Buy HIGHLANDER Men Olive Green & Black Slim Fit Checked Casual Shirt  - Shirts for Men 11780934 | Myntra,4.3,‚Çπ532,7 Oct 2024,4,Murtaza,Good quality‚Ä¶‚Ä¶.also design is nice to wear with plain white tshirt‚Ä¶.
Buy HIGHLANDER Men Olive Green & Black Slim Fit Checked Casual Shirt  - Shirts for Men 11780934 | Myntra,4.3,‚Çπ532,20 Dec 2024,5,Pranav King,Awesome üëç
Buy HIGHLANDER Men Olive Green & Black Slim Fit Checked Casual Shirt  - Shirts for Men 11780934 | Myntra,4.3,‚Çπ532,26 Aug 2024,5,Anju Singh,Shirt fabric was osm looks good but some size that's why i have to exchange it just go for it
Buy HIGHLANDER Men Olive Green & Black Slim Fit Checked Casual Shirt  - Shirts for Men 11780934 | Myntra,4.3,‚Çπ532,6 June 2025,5,Manas Sahoo,"Fantastic T shirt.. purely cotton 
Fully satisfied with this product 
Thanks to myntra üòÑ"
Buy HIGHLANDER Men Olive Green & Black Slim Fit Checked Casual Shirt  - Shirts for Men 11780934 | Myntra,4.3,‚Çπ532,27 Sept 2024,5,Tharaka,"The cloth made of was great.
Little bit thick one and little darker one.
I liked the colour "
Buy HIGHLANDER Men Olive Green & Black Slim Fit Checked Casual Shirt  - Shirts for Men 11780934 | Myntra,4.3,‚Çπ532,14 Dec 2020,5,Nihar Ranjan Behera,"Very good product at this price range, happy and satisfied."
Buy HIGHLANDER Men Olive Green & Black Slim Fit Checked Casual Shirt  - Shirts for Men 11780934 | Myntra,4.3,‚Çπ532,7 June 2024,4,Manthan Dutta,"Good Quality Shirt 
Decent Design and Style 
Love the back of the shirt"
Buy HIGHLANDER Men Olive Green & Black Slim Fit Checked Casual Shirt  - Shirts for Men 11780934 | Myntra,4.3,‚Çπ532,24 June 2024,4,Indrraj Mamodiya,"Value for money the colour and fabric is good.  
Thank you Myntra üëç
"
Buy HIGHLANDER Men Olive Green & Black Slim Fit Checked Casual Shirt  - Shirts for Men 11780934 | Myntra,4.3,‚Çπ532,10 June 2025,5,David Samuel,"I liked the design, color and material. Highlander should make more such shirts like this."
Buy HIGHLANDER Men Olive Green & Black Slim Fit Checked Casual Shirt  - Shirts for Men 11780934 | Myntra,4.3,‚Çπ532,13 Dec 2024,4,Sudhanshu,"Shirt is same as shown in the picture 
Quality is good you can go for it"
Buy HIGHLANDER Men Olive Green & Black Slim Fit Checked Casual Shirt  - Shirts for Men 11780934 | Myntra,4.3,‚Çπ532,15 Aug 2024,5,Deepanshu Daksh,"The best you can get on a really tight budget. Fabric is very good and it fits perfect. 



"
Buy HIGHLANDER Men Olive Green & Black Slim Fit Checked Casual Shirt  - Shirts for Men 11780934 | Myntra,4.3,‚Çπ532,25 June 2025,4,M Bhargavi,I ordered it for my brother and he liked it but little bit loose for him
Buy HIGHLANDER Men Olive Green & Black Slim Fit Checked Casual Shirt  - Shirts for Men 11780934 | Myntra,4.3,‚Çπ532,26 Oct 2024,5,Monty Bhagat,Thankew myntra i loved this shirt same as an shown in picture good fabric and good fitting
Buy HIGHLANDER Men Olive Green & Black Slim Fit Checked Casual Shirt  - Shirts for Men 11780934 | Myntra,4.3,‚Çπ532,3 Oct 2023,4,Nithis,Shirt is good. And material is also not bad. Overall it is good looking.
Buy HIGHLANDER Men Olive Green & Black Slim Fit Checked Casual Shirt  - Shirts for Men 11780934 | Myntra,4.3,‚Çπ532,15 Nov 2024,5,Shubham,The cost of the product is too much but the quality of the product is very nice üôÇüôÇ.
Buy HIGHLANDER Men Olive Green & Black Slim Fit Checked Casual Shirt  - Shirts for Men 11780934 | Myntra,4.3,‚Çπ532,2 Dec 2023,5,Md Munam,This is an awesome product I like this product the quality and fitting size is just awesome 
Buy HIGHLANDER Men Olive Green & Black Slim Fit Checked Casual Shirt  - Shirts for Men 11780934 | Myntra,4.3,‚Çπ532,30 Apr 2025,5,Trilok Pachoriya,"this shirt is my favourite one. its so nice and comfortable fabric and awesome design.

"
Buy HIGHLANDER Men Olive Green & Black Slim Fit Checked Casual Shirt  - Shirts for Men 11780934 | Myntra,4.3,‚Çπ532,7 Dec 2020,4,Priyam Sharma,"Color and fabric is as expected , overall nice product. Just go for it"
Buy HIGHLANDER Men Olive Green & Black Slim Fit Checked Casual Shirt  - Shirts for Men 11780934 | Myntra,4.3,‚Çπ532,8 Oct 2023,4,Venkateswarlu,"Quality of the cloth is good
Love highlander shirts
Fit is just right"
Buy HIGHLANDER Men Olive Green & Black Slim Fit Checked Casual Shirt  - Shirts for Men 11780934 | Myntra,4.3,‚Çπ532,3 July 2025,4,Shubham Yadav,a very awesome product by highlander....worth it and value for money
Buy HIGHLANDER Men Olive Green & Black Slim Fit Checked Casual Shirt  - Shirts for Men 11780934 | Myntra,4.3,‚Çπ532,19 June 2025,5,Saurav,"All shirts i ordered is too good and I'll buy more shirts ,
Iam completely satisfied "
Buy HIGHLANDER Men Olive Green & Black Slim Fit Checked Casual Shirt  - Shirts for Men 11780934 | Myntra,4.3,‚Çπ532,18 Aug 2024,4,Prashant Singh,"Good fabric and material of shirt and fitting is also good of it 
"
Buy HIGHLANDER Men Olive Green & Black Slim Fit Checked Casual Shirt  - Shirts for Men 11780934 | Myntra,4.3,‚Çπ532,21 Aug 2024,4,Bs Aadithyadev,"Good shirt , good quality ,and the colour with chech looks perfect"
Buy HIGHLANDER Men Olive Green & Black Slim Fit Checked Casual Shirt  - Shirts for Men 11780934 | Myntra,4.3,‚Çπ532,17 Sept 2024,5,Amresh Kumar,If you have not tried an olive green colour shirt. Just try it. You will fall in love.
Buy HIGHLANDER Men Olive Green & Black Slim Fit Checked Casual Shirt  - Shirts for Men 11780934 | Myntra,4.3,‚Çπ532,29 May 2024,5,Guggilla Raj Kumar,"Good  Fabric  .Very comfortable . Design and looks are same as in pics of the product. 
"
Buy HIGHLANDER Men Olive Green & Black Slim Fit Checked Casual Shirt  - Shirts for Men 11780934 | Myntra,4.3,‚Çπ532,25 Aug 2024,5,Myntra Customer,"Thik product is so good , ita fittings also nice what I thought it's better then that
"
Buy HIGHLANDER Men Olive Green & Black Slim Fit Checked Casual Shirt  - Shirts for Men 11780934 | Myntra,4.3,‚Çπ532,31 May 2021,5,Harsh,Just one word for this.... AWESOME‚ù§Ô∏è‚ù§Ô∏è
Buy HIGHLANDER Men Olive Green & Black Slim Fit Checked Casual Shirt  - Shirts for Men 11780934 | Myntra,4.3,‚Çπ532,24 July 2024,5,Rantu,"Totally value for money for daily wear, just find the perfect size and boom you go...."
Buy HIGHLANDER Men Olive Green & Black Slim Fit Checked Casual Shirt  - Shirts for Men 11780934 | Myntra,4.3,‚Çπ532,30 Sept 2024,5,Deepak Tiwari,I have got the best deal in such a low price....just go for it you'll love the shirt
Buy HIGHLANDER Men Olive Green & Black Slim Fit Checked Casual Shirt  - Shirts for Men 11780934 | Myntra,4.3,‚Çπ532,14 Dec 2020,5,Riyaz Khan,"Just love the size the colour all over thing 
 Fabric is awesome"
Buy HIGHLANDER Men Olive Green & Black Slim Fit Checked Casual Shirt  - Shirts for Men 11780934 | Myntra,4.3,‚Çπ532,2 June 2024,5,Malay Malakar,"This Shart quality very good, i love this product.
I suggest you to buy this product.
"
Buy HIGHLANDER Men Olive Green & Black Slim Fit Checked Casual Shirt  - Shirts for Men 11780934 | Myntra,4.3,‚Çπ532,26 Sept 2024,4,Dipnarayan Mallick,"Very comfortable and colour is real as you see in this picture 
"
Buy HIGHLANDER Men Olive Green & Black Slim Fit Checked Casual Shirt  - Shirts for Men 11780934 | Myntra,4.3,‚Çπ532,10 Aug 2024,4,Vipin,"Great product, quality good, perfect desighn highly recommended"
Buy HIGHLANDER Men Olive Green & Black Slim Fit Checked Casual Shirt  - Shirts for Men 11780934 | Myntra,4.3,‚Çπ532,10 Apr 2025,5,Praveen,"It's a fabulous shirt better than expected 
Soft material and pretty colour ‚ù§Ô∏è"
Buy HIGHLANDER Men Olive Green & Black Slim Fit Checked Casual Shirt  - Shirts for Men 11780934 | Myntra,4.3,‚Çπ532,20 Aug 2024,4,Dayananda,"Good fitting ,I buy it for my brother and he liked it very much"
Buy HIGHLANDER Men Olive Green & Black Slim Fit Checked Casual Shirt  - Shirts for Men 11780934 | Myntra,4.3,‚Çπ532,6 July 2021,5,Praveen Jaya,"Extremely good in terms of quality, fitting and comfort. Nice price and nice deal."
Buy HIGHLANDER Men Olive Green & Black Slim Fit Checked Casual Shirt  - Shirts for Men 11780934 | Myntra,4.3,‚Çπ532,20 May 2024,5,Abhinav Verma,The quality of shirt is very good loved the colour and design 
Buy HIGHLANDER Men Olive Green & Black Slim Fit Checked Casual Shirt  - Shirts for Men 11780934 | Myntra,4.3,‚Çπ532,24 Oct 2024,5,Dhananjay,"i have tried 3,4 different shirts from highlander but this one is best among all. "
Buy HIGHLANDER Men Olive Green & Black Slim Fit Checked Casual Shirt  - Shirts for Men 11780934 | Myntra,4.3,‚Çπ532,24 Nov 2023,4,Suman Samanta,"Shirt is good, but material is mixed of cotton and synthetic. "
Buy HIGHLANDER Men Olive Green & Black Slim Fit Checked Casual Shirt  - Shirts for Men 11780934 | Myntra,4.3,‚Çπ532,14 July 2025,5,Kavin,"The shirt looks good, the fitting is also perfect ‚Äî definitely worth the money."
Buy HIGHLANDER Men Olive Green & Black Slim Fit Checked Casual Shirt  - Shirts for Men 11780934 | Myntra,4.3,‚Çπ532,28 Nov 2020,5,Yahavi Gupta,Very nice product . Came before the given time . Quality was great as expected.
Buy HIGHLANDER Men Olive Green & Black Slim Fit Checked Casual Shirt  - Shirts for Men 11780934 | Myntra,4.3,‚Çπ532,8 July 2023,5,Ankit Singh,"Very very nice product,quality of the material 100/100
Paisa vasuul‚Ä¶
Loved it
"
Buy HIGHLANDER Men Olive Green & Black Slim Fit Checked Casual Shirt  - Shirts for Men 11780934 | Myntra,4.3,‚Çπ532,11 Sept 2024,5,Ankit,"Fit's good, still wears this colour has not faded that much quality is quite good."
Buy HIGHLANDER Men Olive Green & Black Slim Fit Checked Casual Shirt  - Shirts for Men 11780934 | Myntra,4.3,‚Çπ532,14 Nov 2025,5,Shivam Guchait,"The quality material is great, at this price range highlander never disappoints "
Buy HIGHLANDER Men Olive Green & Black Slim Fit Checked Casual Shirt  - Shirts for Men 11780934 | Myntra,4.3,‚Çπ532,29 July 2024,5,A N Lalith Ganesh,The product is good ...As i have taken these for my birthday ...the fabric is good 
Buy HIGHLANDER Men Olive Green & Black Slim Fit Checked Casual Shirt  - Shirts for Men 11780934 | Myntra,4.3,‚Çπ532,28 June 2025,5,Utkarsh Badhe,color fades after washing but it's normal although best at the discounted price.
Buy HIGHLANDER Men Olive Green & Black Slim Fit Checked Casual Shirt  - Shirts for Men 11780934 | Myntra,4.3,‚Çπ532,13 July 2024,5,Kailashi,"Very fine material and also the fitting is perfect 
The color is nice and not faded"
Buy HIGHLANDER Men Olive Green & Black Slim Fit Checked Casual Shirt  - Shirts for Men 11780934 | Myntra,4.3,‚Çπ532,6 June 2025,5,Simanchal Muni,"Colour is awesome and fit is good , comfortable for all , recommended product . "
Buy HIGHLANDER Men Olive Green & Black Slim Fit Checked Casual Shirt  - Shirts for Men 11780934 | Myntra,4.3,‚Çπ532,13 Mar 2025,5,Preetika Sharma,"Good quality shirt, fit and color are exactly as shown in the picture. Must buy."
Buy HIGHLANDER Men Olive Green & Black Slim Fit Checked Casual Shirt  - Shirts for Men 11780934 | Myntra,4.3,‚Çπ532,14 Oct 2024,4,Kumar Aman,"Good quality.
Fits well if you are NOT skinny.
Looks qood too."
Buy HIGHLANDER Men Olive Green & Black Slim Fit Checked Casual Shirt  - Shirts for Men 11780934 | Myntra,4.3,‚Çπ532,25 Mar 2025,5,Myntra Customer,Best quality. Value for money. size is perfect. I loved it. 5 star rated product
Buy HIGHLANDER Men Olive Green & Black Slim Fit Checked Casual Shirt  - Shirts for Men 11780934 | Myntra,4.3,‚Çπ532,18 Jan 2025,5,Sourabh,This shirt has a decent look which gives a perfect vibe after wearing the shirt.
Buy HIGHLANDER Men Olive Green & Black Slim Fit Checked Casual Shirt  - Shirts for Men 11780934 | Myntra,4.3,‚Çπ532,11 Aug 2024,5,Gv,Really awesome product ...Grav it soon ...worth for price .. Thank you Myntra ü§ç
Buy HIGHLANDER Men Olive Green & Black Slim Fit Checked Casual Shirt  - Shirts for Men 11780934 | Myntra,4.3,‚Çπ532,7 Aug 2024,5,Vijay,"Excellent quality, perfect fittings. I love this product. Go for it without doubt "
Buy HIGHLANDER Men Olive Green & Black Slim Fit Checked Casual Shirt  - Shirts for Men 11780934 | Myntra,4.3,‚Çπ532,17 Oct 2023,4,Deepshikha,"The product was nice, material is also good,but little loose."
Buy HIGHLANDER Men Olive Green & Black Slim Fit Checked Casual Shirt  - Shirts for Men 11780934 | Myntra,4.3,‚Çπ532,12 Oct 2025,5,Sunil Sahu,"The quality of this fabric is very good, and it completely justifies its price."
Buy HIGHLANDER Men Olive Green & Black Slim Fit Checked Casual Shirt  - Shirts for Men 11780934 | Myntra,4.3,‚Çπ532,23 Aug 2024,5,Jahangir Alom,
Buy HIGHLANDER Men Olive Green & Black Slim Fit Checked Casual Shirt  - Shirts for Men 11780934 | Myntra,4.3,‚Çπ532,15 Oct 2024,4,Sahil Anand,"Very good product, good fitting and quality is also good üëç"
Buy HIGHLANDER Men Olive Green & Black Slim Fit Checked Casual Shirt  - Shirts for Men 11780934 | Myntra,4.3,‚Çπ532,22 July 2024,5,Juhi Prajapati,"I suggest everyone to buy this shirt without any doubt, the shirt quality is osm."
Buy HIGHLANDER Men Olive Green & Black Slim Fit Checked Casual Shirt  - Shirts for Men 11780934 | Myntra,4.3,‚Çπ532,19 Oct 2023,5,Myntra Customer,"Nice fit and nice texture
Highlander never disappoints when it comes to shirts."
Buy HIGHLANDER Men Olive Green & Black Slim Fit Checked Casual Shirt  - Shirts for Men 11780934 | Myntra,4.3,‚Çπ532,16 Aug 2024,4,Gopikrishna,It's exactly fit to me and the quality is also very nice . 
Buy HIGHLANDER Men Olive Green & Black Slim Fit Checked Casual Shirt  - Shirts for Men 11780934 | Myntra,4.3,‚Çπ532,19 Dec 2023,3,Aabhash Kushwaha,cloth of shirt was not good as per the brand Highlander. It is mentioned as cotton blend but its like nylon.
Buy HIGHLANDER Men Olive Green & Black Slim Fit Checked Casual Shirt  - Shirts for Men 11780934 | Myntra,4.3,‚Çπ532,17 Sept 2024,5,Akshat Tripathi,Best in size and feels nice while wearing and in summer pasina kam hota hai..!!
Buy HIGHLANDER Men Olive Green & Black Slim Fit Checked Casual Shirt  - Shirts for Men 11780934 | Myntra,4.3,‚Çπ532,25 July 2025,4,Aman,"The quality of the cloth is good ,it feels very comfortable."
Buy HIGHLANDER Men Olive Green & Black Slim Fit Checked Casual Shirt  - Shirts for Men 11780934 | Myntra,4.3,‚Çπ532,7 Sept 2022,5,Aqib Habib,It's too good ?...Highlander tune dil jeet liya h yrr...????
Buy HIGHLANDER Men Olive Green & Black Slim Fit Checked Casual Shirt  - Shirts for Men 11780934 | Myntra,4.3,‚Çπ532,30 July 2021,5,Umaid Singh,Awesome product with as expected fitness. Thanks for providing these product.
Buy HIGHLANDER Men Olive Green & Black Slim Fit Checked Casual Shirt  - Shirts for Men 11780934 | Myntra,4.3,‚Çπ532,16 Aug 2024,4,Rajendra,"Well product in this price range
Best fit for 34 inch west"
Buy HIGHLANDER Men Olive Green & Black Slim Fit Checked Casual Shirt  - Shirts for Men 11780934 | Myntra,4.3,‚Çπ532,12 May 2024,5,Arunav Anand,I love this dark green colour shirt so much. Everybody said me ur shirt so good.
Buy HIGHLANDER Men Olive Green & Black Slim Fit Checked Casual Shirt  - Shirts for Men 11780934 | Myntra,4.3,‚Çπ532,15 Nov 2025,5,Nilesh,Good quality and the best part is colour don't get faded away after washing 
Buy HIGHLANDER Men Olive Green & Black Slim Fit Checked Casual Shirt  - Shirts for Men 11780934 | Myntra,4.3,‚Çπ532,4 July 2024,3,Vanshika Dubey,"Suprb fitting and quality also, everyone should try‚ô•Ô∏è"
Buy HIGHLANDER Men Olive Green & Black Slim Fit Checked Casual Shirt  - Shirts for Men 11780934 | Myntra,4.3,‚Çπ532,30 June 2025,5,Myntra Customer,"Very soft fabric ,breathable and the shirt still looks new after many washes"
Buy HIGHLANDER Men Olive Green & Black Slim Fit Checked Casual Shirt  - Shirts for Men 11780934 | Myntra,4.3,‚Çπ532,27 Sept 2024,5,Bhumika,"Size, quality, material is very good.
As good as my expectations 
Loved it!!!"
Buy HIGHLANDER Men Olive Green & Black Slim Fit Checked Casual Shirt  - Shirts for Men 11780934 | Myntra,4.3,‚Çπ532,19 July 2021,4,Mayank Yadav,Shirt quality is very good just length of the shirt is big
Buy HIGHLANDER Men Olive Green & Black Slim Fit Checked Casual Shirt  - Shirts for Men 11780934 | Myntra,4.3,‚Çπ532,4 Nov 2023,5,Shubham Singh,"I am impressed üòçüòçüòç, ese hi bharosa banae rakhna , very good product."
Buy HIGHLANDER Men Olive Green & Black Slim Fit Checked Casual Shirt  - Shirts for Men 11780934 | Myntra,4.3,‚Çπ532,27 Nov 2020,5,Shivam Yadav,"Size is too short as compared to other brands 
Plz compare in size chart"
Buy HIGHLANDER Men Olive Green & Black Slim Fit Checked Casual Shirt  - Shirts for Men 11780934 | Myntra,4.3,‚Çπ532,27 Jan 2021,5,Ashok Yadav,Very good product and good cloth quality and l am very happy for this product
Buy HIGHLANDER Men Olive Green & Black Slim Fit Checked Casual Shirt  - Shirts for Men 11780934 | Myntra,4.3,‚Çπ532,14 Sept 2025,5,Sangita Maurya,"True to its color and the material mentioned. My brother really liked it!

"
Buy HIGHLANDER Men Olive Green & Black Slim Fit Checked Casual Shirt  - Shirts for Men 11780934 | Myntra,4.3,‚Çπ532,24 Aug 2024,5,Sudhanshu Agarwal,Loved the color and fit is perfect it looks cool and comfortable to wear üëç
Buy HIGHLANDER Men Olive Green & Black Slim Fit Checked Casual Shirt  - Shirts for Men 11780934 | Myntra,4.3,‚Çπ532,15 Oct 2023,4,Naveen,Perfect fit and Nice fabric... thankyou very much Myntra 
Buy HIGHLANDER Men Olive Green & Black Slim Fit Checked Casual Shirt  - Shirts for Men 11780934 | Myntra,4.3,‚Çπ532,23 Nov 2024,5,Nisitosh Mohanty,Overall good quality. A little tight near the waist. Otherwise VFM product.
Buy HIGHLANDER Men Olive Green & Black Slim Fit Checked Casual Shirt  - Shirts for Men 11780934 | Myntra,4.3,‚Çπ532,27 May 2025,4,Rohit Kshirsagar,Shirt quality is good but colour is fading after 5 times 
Buy HIGHLANDER Men Olive Green & Black Slim Fit Checked Casual Shirt  - Shirts for Men 11780934 | Myntra,4.3,‚Çπ532,28 Aug 2025,4,Shashi,Very nice and comfortable shirt. Definitely need to try m
Buy HIGHLANDER Men Olive Green & Black Slim Fit Checked Casual Shirt  - Shirts for Men 11780934 | Myntra,4.3,‚Çπ532,8 Sept 2025,4,Myntra Customer,This is a very good quality shirt and it fits well too . 
Buy HIGHLANDER Men Olive Green & Black Slim Fit Checked Casual Shirt  - Shirts for Men 11780934 | Myntra,4.3,‚Çπ532,13 May 2024,5,Om Prakash,"Got the product the same as it looks in the picture.
Great comfortable fabric."
Buy HIGHLANDER Men Olive Green & Black Slim Fit Checked Casual Shirt  - Shirts for Men 11780934 | Myntra,4.3,‚Çπ532,15 July 2024,4,Dhruv Gandhi,It's been more than a year and still the shirt is good.
Buy HIGHLANDER Men Olive Green & Black Slim Fit Checked Casual Shirt  - Shirts for Men 11780934 | Myntra,4.3,‚Çπ532,22 July 2024,5,Myntra Customer,"Quality just awesome üòé 
It's very valuable price .
Don't think pitches it "
Buy HIGHLANDER Men Olive Green & Black Slim Fit Checked Casual Shirt  - Shirts for Men 11780934 | Myntra,4.3,‚Çπ532,1 Sept 2025,5,Ankit Raj,I loved it ‚ù§. If you are looking value for money shirt then Must buyüëç
Buy HIGHLANDER Men Olive Green & Black Slim Fit Checked Casual Shirt  - Shirts for Men 11780934 | Myntra,4.3,‚Çπ532,10 June 2025,5,Sidhant,"Fabric of the shirt was good and comfortable to wear 
Highly recomended 

"
Buy HIGHLANDER Men Olive Green & Black Slim Fit Checked Casual Shirt  - Shirts for Men 11780934 | Myntra,4.3,‚Çπ532,30 Oct 2024,4,Pruthvi Raj,"The fit is perfect and the cloth is super comfortable 

"
Buy HIGHLANDER Men Olive Green & Black Slim Fit Checked Casual Shirt  - Shirts for Men 11780934 | Myntra,4.3,‚Çπ532,17 Aug 2024,4,Jyotish Hazarika,"Look perfect. Soft cloth and price is awesome worth it
"
Buy HIGHLANDER Men Olive Green & Black Slim Fit Checked Casual Shirt  - Shirts for Men 11780934 | Myntra,4.3,‚Çπ532,4 Dec 2020,5,Anaf,Comfortable and good looking shirt must go for it for a casual look ?
Buy HIGHLANDER Men Olive Green & Black Slim Fit Checked Casual Shirt  - Shirts for Men 11780934 | Myntra,4.3,‚Çπ532,31 May 2024,5,Madhu Balan,"Awesome.. Only thing is stitching is not perfect.. However, it's worth buying"
Buy HIGHLANDER Men Olive Green & Black Slim Fit Checked Casual Shirt  - Shirts for Men 11780934 | Myntra,4.3,‚Çπ532,31 Oct 2025,4,Partha Pratim Talukdar,Very nice fittings n fabric is very soft n comfortable .
Buy HIGHLANDER Men Olive Green & Black Slim Fit Checked Casual Shirt  - Shirts for Men 11780934 | Myntra,4.3,‚Çπ532,17 Mar 2024,5,Charandeep Singh,"Size is perfect , quality is excellent at this price range and color is best."
Buy HIGHLANDER Men Olive Green & Black Slim Fit Checked Casual Shirt  - Shirts for Men 11780934 | Myntra,4.3,‚Çπ532,15 July 2024,5,Gautam,Measurement of shirt is perfect and fabric quality is great üëçüèªüëçüèª
Buy HIGHLANDER Men Olive Green & Black Slim Fit Checked Casual Shirt  - Shirts for Men 11780934 | Myntra,4.3,‚Çπ532,5 Oct 2025,5,Achyuth Kumar,Quality of the shirt was awesome. Posting this after one year of purchase
Buy HIGHLANDER Men Olive Green & Black Slim Fit Checked Casual Shirt  - Shirts for Men 11780934 | Myntra,4.3,‚Çπ532,18 Aug 2024,4,Anukul Sarkar,I am happy for it... every thing of this shirt is good
Buy HIGHLANDER Men Olive Green & Black Slim Fit Checked Casual Shirt  - Shirts for Men 11780934 | Myntra,4.3,‚Çπ532,12 Feb 2025,4,Surya,Colour is good and maybe quality could have been better
Buy HIGHLANDER Men Olive Green & Black Slim Fit Checked Casual Shirt  - Shirts for Men 11780934 | Myntra,4.3,‚Çπ532,8 Sept 2024,5,Amitesh Singh,"Product was really nice,,,as per the price this deal is worth every penny "
Buy HIGHLANDER Men Olive Green & Black Slim Fit Checked Casual Shirt  - Shirts for Men 11780934 | Myntra,4.3,‚Çπ532,14 Oct 2024,5,Aryanzugnu,Nice product with a low price I recommend that everyone buy this product 
Buy HIGHLANDER Men Olive Green & Black Slim Fit Checked Casual Shirt  - Shirts for Men 11780934 | Myntra,4.3,‚Çπ532,30 Aug 2024,5,Myntra Customer,I really liked this shirt because its fitting and color is perfect for me 
Buy HIGHLANDER Men Olive Green & Black Slim Fit Checked Casual Shirt  - Shirts for Men 11780934 | Myntra,4.3,‚Çπ532,4 July 2024,5,Akash Vikas Jadhav,"Excellent shirt for casual use. Loved It 
Highly Recommended
Thanks Myntra "
Buy HIGHLANDER Men Olive Green & Black Slim Fit Checked Casual Shirt  - Shirts for Men 11780934 | Myntra,4.3,‚Çπ532,17 July 2024,5,Mohd Shahzaib,"I love the product.
Fabric is good (cotton)
Genuine product, thanks Myntra "
Buy HIGHLANDER Men Olive Green & Black Slim Fit Checked Casual Shirt  - Shirts for Men 11780934 | Myntra,4.3,‚Çπ532,1 June 2020,5,Saksham Sharma Saksham Sharma,Highlander is my new choice very well product
Buy HIGHLANDER Men Olive Green & Black Slim Fit Checked Casual Shirt  - Shirts for Men 11780934 | Myntra,4.3,‚Çπ532,12 Oct 2023,4,Mak,"Looks good, waiting to see what happens after the wash"
Buy HIGHLANDER Men Olive Green & Black Slim Fit Checked Casual Shirt  - Shirts for Men 11780934 | Myntra,4.3,‚Çπ532,27 May 2024,5,Durga Bhavani,Very nice colour and fitting I brought this to my brother his love it more 
Buy HIGHLANDER Men Olive Green & Black Slim Fit Checked Casual Shirt  - Shirts for Men 11780934 | Myntra,4.3,‚Çπ532,28 July 2024,3,Tabish,"Fitting is very fine... but the fabric is like winter shirt. U cannot wear this in delhi at 40 degree

"
Buy HIGHLANDER Men Olive Green & Black Slim Fit Checked Casual Shirt  - Shirts for Men 11780934 | Myntra,4.3,‚Çπ532,14 Sept 2024,4,Biswa Ranjan Moharana,if your cheast size is 40 then you go for the size M 
Buy HIGHLANDER Men Olive Green & Black Slim Fit Checked Casual Shirt  - Shirts for Men 11780934 | Myntra,4.3,‚Çπ532,14 May 2024,5,Khalid Salman,Very attractive and nice shirt. I am happy to buy it Thanks Myntra üëçüòä
Buy HIGHLANDER Men Olive Green & Black Slim Fit Checked Casual Shirt  - Shirts for Men 11780934 | Myntra,4.3,‚Çπ532,27 Aug 2023,5,Mulla Shamshad,It's pure cotton under budget this is the best one any one must buy it
Buy HIGHLANDER Men Olive Green & Black Slim Fit Checked Casual Shirt  - Shirts for Men 11780934 | Myntra,4.3,‚Çπ532,21 Aug 2024,5,Ramkrishna Barik,"Niceüëèü•∞ 
I love it 
Thank you Myntra
Value for money üéÅü§ûüèª‚ù§"
Buy HIGHLANDER Men Olive Green & Black Slim Fit Checked Casual Shirt  - Shirts for Men 11780934 | Myntra,4.3,‚Çπ532,10 Nov 2023,4,Utkarsha,The was a little tight otherwise the fabric is good 
Buy HIGHLANDER Men Olive Green & Black Slim Fit Checked Casual Shirt  - Shirts for Men 11780934 | Myntra,4.3,‚Çπ532,30 Oct 2024,4,Raihan Sk,"Quality is good enough üëç , I found everything okay"
Buy HIGHLANDER Men Olive Green & Black Slim Fit Checked Casual Shirt  - Shirts for Men 11780934 | Myntra,4.3,‚Çπ532,14 Jan 2025,5,Zaid,The design and colour is good. It would be great if it was pure cotton.
Buy HIGHLANDER Men Olive Green & Black Slim Fit Checked Casual Shirt  - Shirts for Men 11780934 | Myntra,4.3,‚Çπ532,20 Jan 2025,4,Myntra Customer,The product is very good but it shrunk after washing.
Buy HIGHLANDER Men Olive Green & Black Slim Fit Checked Casual Shirt  - Shirts for Men 11780934 | Myntra,4.3,‚Çπ532,13 Apr 2025,4,Tanu Srivastava,Very nice Shirt. It looks good. The cloth is good too
Buy HIGHLANDER Men Olive Green & Black Slim Fit Checked Casual Shirt  - Shirts for Men 11780934 | Myntra,4.3,‚Çπ532,16 July 2024,5,Maruthi,"Quality matter first the best quality 
 Full satisfaction on this order 
"
Buy HIGHLANDER Men Olive Green & Black Slim Fit Checked Casual Shirt  - Shirts for Men 11780934 | Myntra,4.3,‚Çπ532,7 Aug 2024,4,Sammo Dutta,Great T shirt but After 3 months quality faded away
Buy HIGHLANDER Men Olive Green & Black Slim Fit Checked Casual Shirt  - Shirts for Men 11780934 | Myntra,4.3,‚Çπ532,27 Feb 2025,5,Meenakshi Negi,"The fabric is soft and breathable, making it perfect for everyday wear"
Buy HIGHLANDER Men Olive Green & Black Slim Fit Checked Casual Shirt  - Shirts for Men 11780934 | Myntra,4.3,‚Çπ532,1 Mar 2025,5,Sayan Kumar Panda,Too much perfect... Cool product I ever purchased...very good service 
Buy HIGHLANDER Men Olive Green & Black Slim Fit Checked Casual Shirt  - Shirts for Men 11780934 | Myntra,4.3,‚Çπ532,16 Aug 2024,4,Manoj Singh,"This is awesome product üëè 
I really like it üòÑ"
Buy HIGHLANDER Men Olive Green & Black Slim Fit Checked Casual Shirt  - Shirts for Men 11780934 | Myntra,4.3,‚Çπ532,17 May 2024,4,Mohan,This is very nice fabric and size nad good comfort
Buy HIGHLANDER Men Olive Green & Black Slim Fit Checked Casual Shirt  - Shirts for Men 11780934 | Myntra,4.3,‚Çπ532,26 Oct 2024,5,Amit Nagnathrao Satare," This Product of Highlander in Myntra shopping
is Awesome product üëç"
Buy HIGHLANDER Men Olive Green & Black Slim Fit Checked Casual Shirt  - Shirts for Men 11780934 | Myntra,4.3,‚Çπ532,26 Nov 2021,5,Ajinkya Kandelkar,Well its perfect fit. And the quality of the product amazing ?. 
Buy HIGHLANDER Men Olive Green & Black Slim Fit Checked Casual Shirt  - Shirts for Men 11780934 | Myntra,4.3,‚Çπ532,26 Dec 2021,4,Alagappan K,"Shirt size 40 is too loose...,it looks like 42 , but over all good shirt"
Buy HIGHLANDER Men Olive Green & Black Slim Fit Checked Casual Shirt  - Shirts for Men 11780934 | Myntra,4.3,‚Çπ532,2 Aug 2024,5,Myntra Customer,"Very good shirt with nice fabric and very comfortable to wear.









"
Buy HIGHLANDER Men Olive Green & Black Slim Fit Checked Casual Shirt  - Shirts for Men 11780934 | Myntra,4.3,‚Çπ532,16 Nov 2025,5,Himanshu Bhanwar,Shirt has Very Good Quality and Comfortable to wear  amazing product 
Buy HIGHLANDER Men Olive Green & Black Slim Fit Checked Casual Shirt  - Shirts for Men 11780934 | Myntra,4.3,‚Çπ532,7 Aug 2024,5,Ranu Das,Very nice product and quality is awesome reasonable price I love Myntra
Buy HIGHLANDER Men Olive Green & Black Slim Fit Checked Casual Shirt  - Shirts for Men 11780934 | Myntra,4.3,‚Çπ532,28 Sept 2025,5,Kumar Himanshu,"Shirt's fitting is best. Colour is, awesome. 
Fabric is pure cotton. "
Buy HIGHLANDER Men Olive Green & Black Slim Fit Checked Casual Shirt  - Shirts for Men 11780934 | Myntra,4.3,‚Çπ532,21 Oct 2021,5,Dikshita,I gifted it to my Husband and he just loved it. Very nice product. 
Buy HIGHLANDER Men Olive Green & Black Slim Fit Checked Casual Shirt  - Shirts for Men 11780934 | Myntra,4.3,‚Çπ532,8 May 2025,5,Avik Naskar,Very much for this product.... fabulous quality and very comfortable 
Buy HIGHLANDER Men Olive Green & Black Slim Fit Checked Casual Shirt  - Shirts for Men 11780934 | Myntra,4.3,‚Çπ532,30 Nov 2020,5,Rajesh Raj,"Highly recommended.
Superb quality and awesome fit....go for it?"
Buy HIGHLANDER Men Olive Green & Black Slim Fit Checked Casual Shirt  - Shirts for Men 11780934 | Myntra,4.3,‚Çπ532,13 Nov 2021,4,Sachin Kumar,Aa expected
Buy HIGHLANDER Men Olive Green & Black Slim Fit Checked Casual Shirt  - Shirts for Men 11780934 | Myntra,4.3,‚Çπ532,10 Dec 2025,5,Anand Pandey,Veryyuuu veryyyy nice shirt and fiting nice product ü§üüß°ü§©üòç
Buy HIGHLANDER Men Olive Green & Black Slim Fit Checked Casual Shirt  - Shirts for Men 11780934 | Myntra,4.3,‚Çπ532,18 July 2024,4,Balram Yadav,Nice fitting... Good fabric... Overall good shirt
Buy HIGHLANDER Men Olive Green & Black Slim Fit Checked Casual Shirt  - Shirts for Men 11780934 | Myntra,4.3,‚Çπ532,30 Sept 2024,4,Nikhil Chaurasia,"Product is very good, cotton I say a little blend."
Buy HIGHLANDER Men Olive Green & Black Slim Fit Checked Casual Shirt  - Shirts for Men 11780934 | Myntra,4.3,‚Çπ532,24 Sept 2025,5,Ardhendu,"The quality of fabrics is bestü•∞
Ahaa..... felling tuch the shirt "
Buy HIGHLANDER Men Olive Green & Black Slim Fit Checked Casual Shirt  - Shirts for Men 11780934 | Myntra,4.3,‚Çπ532,28 Nov 2020,4,Prasanth Lal,Received exact product with good quality and texture
Buy HIGHLANDER Men Olive Green & Black Slim Fit Checked Casual Shirt  - Shirts for Men 11780934 | Myntra,4.3,‚Çπ532,10 Oct 2024,4,Rahul,Perfect shirt. Very comfortable and good quality. 
Buy HIGHLANDER Men Olive Green & Black Slim Fit Checked Casual Shirt  - Shirts for Men 11780934 | Myntra,4.3,‚Çπ532,28 Sept 2024,5,Yogesh Birdar,Very good product Quality and color wise and at a best suitable price
Buy HIGHLANDER Men Olive Green & Black Slim Fit Checked Casual Shirt  - Shirts for Men 11780934 | Myntra,4.3,‚Çπ532,17 Aug 2024,5,Neetesh Parihar,"The fitting of shirt is very good, fabric also very nice, I loved it. "
